experiment,degree,profile,physical_dim,scalar,mode,batch,baseline_ns,candidate_ns,paired_ratio,ci95_low,ci95_high,baseline_relative_mad,candidate_relative_mad
noise,2,0,2,f64,aci,1,464293,457731,1.002721645460601,0.9478023575630043,1.051774016024853,0.02090921034777608,0.03267858196189465
noise,2,0,2,f64,cold,8,21060,20819,0.9885565052231718,0.9293206907608447,1.0102494021182098,0.02711301044634378,0.0009606609347230895
noise,2,0,2,f64,warm,8,5740,6021,1.0410640956971968,1.0054006968641116,1.5457142857142858,0.02421602787456446,0.04152134196977246
noise,2,0,2,f64,cold,32,32772,32852,0.9915591462679368,0.9871536677651653,1.5865939602665902,0.012510679848651288,0.015250213076829416
noise,2,0,2,f64,warm,32,11612,11712,1.0130185731643813,0.9889002732240437,1.0258353427488804,0.0077506028246641405,0.00939207650273224
noise,3,0,2,f64,aci,1,1036810,1046889,0.9964155627674568,0.9273412086041137,1.0362355113843462,0.01866880141973939,0.018355336621169963
noise,3,0,2,f64,cold,8,24526,23815,0.9574909938546302,0.8826402136589088,1.1293744294222492,0.03795971621952214,0.02859542305269788
noise,3,0,2,f64,warm,8,6652,6673,1.0058885701343803,1.0014486455164422,1.0326950023353574,0.004509921828021648,0.0059943054098606325
noise,3,0,2,f64,cold,32,38172,37461,0.9854295717748451,0.9678429734808938,1.0122500066576123,0.0036676097663208636,0.010170577400496516
noise,3,0,2,f64,warm,32,13846,13786,0.9956666185179835,0.9877220858009533,1.0160630841121496,0.0,0.007979109241259249
noise,4,0,2,f64,aci,1,1352603,1437152,1.0457059363901366,0.9849206022812459,1.0847677706112853,0.008147253850538555,0.012631927590122688
noise,4,0,2,f64,cold,8,26961,26781,0.9985029940119761,0.9896911012112956,1.0294780459435882,0.008938837580208449,0.003771330420820731
noise,4,0,2,f64,warm,8,7925,7985,1.0141871165644172,1.0,1.4803785488958991,0.007570977917981073,0.006261740763932373
noise,4,0,2,f64,cold,32,44203,45025,1.002616189596799,0.9915973999501733,1.0583350258389186,0.0024885188788091304,0.01892282065519156
noise,4,0,2,f64,warm,32,16832,16862,0.9916472764154883,0.9402252704360433,1.0154467680608366,0.004218155893536121,0.013640137587474795
noise,2,1,2,f64,aci,1,450998,447111,1.0103244437816072,0.8714660209717442,1.0543291180626102,0.04213987645178027,0.012549456398970277
noise,2,1,2,f64,cold,8,22553,22122,1.0023643949930459,0.9624722137471124,1.0343535572408813,0.017292599654148005,0.02264713859506374
noise,2,1,2,f64,warm,8,5841,5911,1.0017120356103406,0.9686987872828581,1.0171791788352518,0.00342407122068139,0.001691761123329386
noise,2,1,2,f64,cold,32,35347,36268,1.0260559594873682,0.9561803378040105,1.033386007757506,0.02523552210937279,0.008299327230616521
noise,2,1,2,f64,warm,32,11842,11802,0.9957813027337158,0.9805776051342678,1.0067884679852497,0.0016889039013680122,0.01609896627690222
noise,3,1,2,f64,aci,1,1631378,1664460,1.0054809728696141,0.9574010982911317,1.0658245545684817,0.0056314355103476935,0.0050623024884947675
noise,3,1,2,f64,cold,8,25358,24456,0.9733074496481436,0.9049699413763489,1.022768242025237,0.024923101190945658,0.015947006869479884
noise,3,1,2,f64,warm,8,6753,6703,0.9970514521598113,0.9506588169329969,1.0135196718821207,0.00888494002665482,0.008951215873489482
noise,3,1,2,f64,cold,32,39104,40206,1.0281812602291325,1.0,1.0651390386993238,0.01869373977086743,0.00922747848579814
noise,3,1,2,f64,warm,32,13846,13816,0.9963888487649862,0.980611805256355,1.0145391102064554,0.0036111512350137224,0.0014475969889982628
noise,4,1,2,f64,aci,1,2329871,2233490,0.9682273338908155,0.9329603468359023,1.045577894237909,0.01256936542838638,0.014547188480808063
noise,4,1,2,f64,cold,8,28323,27692,0.9871315010872278,0.9689152040600549,1.033412549214344,0.0018006567100942697,0.007619529105878954
noise,4,1,2,f64,warm,8,8005,8055,1.0149906308557153,0.9568,1.0360592401802962,0.014990630855715179,0.0012414649286157666
noise,4,1,2,f64,cold,32,47089,46969,0.997451634139608,0.9608731982452475,1.106097046413502,0.016585614474718086,0.023696480657454916
noise,4,1,2,f64,warm,32,16782,16691,0.991657728518651,0.9909645763523217,1.023623907394283,0.003575259206292456,0.0029357138577676594
noise,2,2,2,f64,aci,1,485713,500120,1.013160128693792,0.9649714036670591,1.0558675219927751,0.02122652677610029,0.009395745021194913
noise,2,2,2,f64,cold,8,35206,34485,0.9904582911666907,0.8440322672271772,1.004778368046772,0.01366244390160768,0.0365956212846165
noise,2,2,2,f64,warm,8,6141,6292,0.9969060413613418,0.9141362777858492,1.0482507046924225,0.017912392118547466,0.004767959313413859
noise,2,2,2,f64,cold,32,57338,62348,1.0873766088806724,0.9344650365986606,1.314063460931137,0.04893787714953434,0.037627510104574324
noise,2,2,2,f64,warm,32,13275,13075,0.9962476547842402,0.9826741996233521,1.0227628285356696,0.014387947269303201,0.015296367112810707
noise,3,2,2,f64,aci,1,3004880,3123884,1.0361312791256903,0.979725762834041,1.0669434869354744,0.0015368334176406378,0.02472114841652251
noise,3,2,2,f64,cold,8,28093,28423,1.0057423823708862,0.9604798628963154,1.097355213042395,0.00964653116434699,0.014073109805439257
noise,3,2,2,f64,warm,8,6803,6752,1.0031380753138075,0.9550751088024708,1.0356922126081582,0.016316331030427754,0.007257109004739337
noise,3,2,2,f64,cold,32,54874,55254,0.9926681659444536,0.9422578444747612,1.216553725230933,0.007672121587637132,0.008343287363810764
noise,3,2,2,f64,warm,32,14327,14408,0.9993020171703776,0.9916129479448257,1.0391964723174913,0.006979828296223913,0.006315935591338145
noise,4,2,2,f64,aci,1,4145586,4102635,0.9996546281931075,0.9688373980687537,1.0202038987974198,0.014971586646616426,0.009406881187334482
noise,4,2,2,f64,cold,8,32111,32862,1.0160847148899386,0.9775154931331942,1.0536203153025583,0.010339136121578276,0.008550909865498144
noise,4,2,2,f64,warm,8,7874,7955,1.01531589023612,0.9998734977862113,1.025723061172255,0.004953009906019812,0.00754242614707731
noise,4,2,2,f64,cold,32,63119,64191,1.007050179771768,0.9476006952316179,1.064747038958101,0.013482469620874855,0.015298094748484991
noise,4,2,2,f64,warm,32,17212,17253,0.9908840729274165,0.9883835173091371,1.052405048566277,0.004647920055775041,0.008752101083869472
noise,2,3,2,f64,aci,1,538062,555494,1.032397753418751,0.9396412087433598,1.0801399326349452,0.017522144288204707,0.016612240636262498
noise,2,3,2,f64,cold,8,80892,81222,1.0040795134253078,0.7221918254735102,1.5428868544688121,0.06192206893141473,0.04823816207431484
noise,2,3,2,f64,warm,8,8346,7895,0.94858934169279,0.8213920744862041,1.1281662995594715,0.044452432302899594,0.04179860671310956
noise,2,3,2,f64,cold,32,101782,110277,1.010270515195116,0.9516625310173698,1.1794604666072306,0.019207718457094576,0.0676931726470615
noise,2,3,2,f64,warm,32,14677,14767,1.017797394461451,0.9878913567032379,1.0485112761463515,0.008857395925597875,0.014965802126362835
noise,3,3,2,f64,aci,1,4759401,4746475,0.9875327874163642,0.9864633611050609,1.0395929585169863,0.0029493207233431268,0.010790112662554844
noise,3,3,2,f64,cold,8,51356,50314,0.9883168471064725,0.9151471975662823,1.0257599474365664,0.011313186385232495,0.030448781651230272
noise,3,3,2,f64,warm,8,7525,8015,1.0471648811079175,0.987906976744186,1.4420595206742164,0.010764119601328904,0.05252651278852152
noise,3,3,2,f64,cold,32,71414,69892,0.9889495347172512,0.9171060057538508,1.023146721931274,0.01726552216652197,0.04542723058433011
noise,3,3,2,f64,warm,32,15008,15038,1.0121228448275863,0.9721249752295396,1.0162184078929586,0.00872867803837953,0.005319856363878175
noise,4,3,2,f64,aci,1,6300578,6321718,0.9945260307882487,0.9699046130978864,1.0204086080381842,0.006645104623734521,0.011106316352611743
noise,4,3,2,f64,cold,8,49553,49272,0.9841802492809204,0.9537402929322717,1.0976680217624335,0.010312190987427602,0.024374898522487417
noise,4,3,2,f64,warm,8,8656,8927,1.031163753449862,0.9975686002084057,1.0926524953789278,0.0046210720887245845,0.004592808334266831
noise,4,3,2,f64,cold,32,72366,71114,0.9841463414634146,0.939189820063758,1.094354451381915,0.03599756791863582,0.046769974969766856
noise,4,3,2,f64,warm,32,17323,17623,1.0128697880270208,0.9910177959916915,1.032258064516129,0.005714945448247994,0.013051126368949667
noise,2,0,2,c64,aci,1,464152,448694,1.0012921068141634,0.9177972173072834,1.0279779037901378,0.049578586325169344,0.00926689458740255
noise,2,0,2,c64,cold,8,21591,21711,1.0055578713352786,0.9667755991285403,1.039658706325373,0.02042517715714881,0.004605960112385427
noise,2,0,2,c64,warm,8,5851,5831,1.0121929977355861,0.6674652064795802,1.0192274077958399,0.01880020509314647,0.003429943405933802
noise,2,0,2,c64,cold,32,33002,32401,0.988679360429635,0.9748427672955975,1.0273511019367374,0.002121083570692685,0.004968982438813617
noise,2,0,2,c64,warm,32,11792,11632,0.9830966869506423,0.9685379918588873,1.0452572845629262,0.012720488466757123,0.00515818431911967
noise,3,0,2,c64,aci,1,1084770,1104717,1.0160120407470876,0.9452003443960847,1.0486665182652186,0.026802916747328927,0.0021317676834881694
noise,3,0,2,c64,cold,8,24216,23745,0.9693773669422161,0.9307366106486571,1.0124072652852392,0.014081598942847703,0.002526847757422615
noise,3,0,2,c64,warm,8,6773,6773,1.001461347362268,0.9388688660937067,1.0376531075154998,0.02362320980363207,0.011811604901816035
noise,3,0,2,c64,cold,32,37420,37972,1.0021360196197358,1.0010726736390454,1.149946552645644,0.012613575628006414,0.01161382070999684
noise,3,0,2,c64,warm,32,13796,13765,0.9905044940562482,0.9766718506998445,1.0088353413654618,0.00732096259785445,0.0037050490374137303
noise,4,0,2,c64,aci,1,1354447,1374745,1.0124029477805117,0.9784424554654225,1.0391171009843152,0.0030772706499405294,0.007405009656336266
noise,4,0,2,c64,cold,8,27923,27672,0.9719944132077499,0.668705628024664,1.0359357489727308,0.041292124771693584,0.016298063023995373
noise,4,0,2,c64,warm,8,7924,7915,1.0077071290944124,0.9651957737725295,1.0271767130345182,0.015270065623422514,0.008843967150979154
noise,4,0,2,c64,cold,32,45686,46167,1.0094236487668358,1.0004286510351923,1.0651184170205314,0.01908680996366502,0.02646912296662118
noise,4,0,2,c64,warm,32,16652,16742,0.9963079530323206,0.9847076814492413,1.0377821687324111,0.007266394427095845,0.01618683550352407
noise,2,1,2,c64,aci,1,453112,453383,0.983990827635993,0.9188553734406945,1.070818556769797,0.012537739013753773,0.028926977853161676
noise,2,1,2,c64,cold,8,22983,22963,0.9963093644806749,0.9721582765061026,1.0517218745897694,0.0030457294522038027,0.02530157209423856
noise,2,1,2,c64,warm,8,5851,5911,1.011984249272385,0.646800360522758,1.034182191078448,0.015381985985301657,0.010150566739976316
noise,2,1,2,c64,cold,32,36809,36479,1.0038988526233708,0.9399994816369904,1.0626205547556304,0.008992365997446277,0.011815016859014775
noise,2,1,2,c64,warm,32,11973,11752,0.9848319785468868,0.6617821112551429,1.002592464569651,0.0283972270942955,0.011061946902654867
noise,3,1,2,c64,aci,1,1629655,1661504,1.0126207036097115,0.964713442950976,1.0435570718955853,0.005090648020593316,0.02355335888448057
noise,3,1,2,c64,cold,8,25488,25057,0.9876773860158207,0.9715652715108137,1.0074937225360954,0.008631512868801004,0.008380891567226724
noise,3,1,2,c64,warm,8,6883,6752,0.9880407500369113,0.9550122956748156,1.0311896628545967,0.013075693738195554,0.02221563981042654
noise,3,1,2,c64,cold,32,40075,40015,0.9859802574034737,0.959615338497326,1.0137741734248285,0.0072613849033063005,0.014019742596526302
noise,3,1,2,c64,warm,32,13947,13886,0.99634329963433,0.9907049907049907,1.0168918918918919,0.004947300494730049,0.002160449373469682
noise,4,1,2,c64,aci,1,2261883,2262815,1.0108784593846463,0.9925119095814836,1.0271364793472046,0.010374099809760276,0.004724204143953439
noise,4,1,2,c64,cold,8,29686,29205,0.9889358278012472,0.9607856038424845,1.0486087718116284,0.009802600552448967,0.009964047252182846
noise,4,1,2,c64,warm,8,8075,8005,0.9973231357552581,0.9652485777887707,1.0383683875079668,0.0013622291021671827,0.018738288569643973
noise,4,1,2,c64,cold,32,48120,48060,0.9973192019950124,0.9354354057526935,1.047335166565209,0.012718204488778055,0.014814814814814815
noise,4,1,2,c64,warm,32,16631,16872,0.9976348155156102,0.987987090604829,1.0345830052692144,0.006072996211893452,0.012446657183499289
noise,2,2,2,c64,aci,1,505130,516602,1.0343024291797889,0.9448541926699194,1.0802905964759069,0.01164254746302932,0.03492630690550946
noise,2,2,2,c64,cold,8,35828,35938,0.9918778608909233,0.9464342146845044,1.2090906103132086,0.08191916936474265,0.01897712727475096
noise,2,2,2,c64,warm,8,6211,6302,1.0436901361115778,0.9879007864488808,1.0661729190146514,0.028980840444372886,0.014439860361789908
noise,2,2,2,c64,cold,32,64331,65603,1.0044401573959243,0.8406601860269949,1.2449657534246574,0.015264802350344314,0.08383762937670533
noise,2,2,2,c64,warm,32,13034,13014,0.9984945427173504,0.8946174468962673,1.029231241368728,0.019257326990946753,0.016136468418626097
noise,3,2,2,c64,aci,1,2800266,2829561,1.0067433017608762,0.9557464642871981,1.0274323389601023,0.0020965865385645507,0.005998103592748133
noise,3,2,2,c64,cold,8,29536,29485,1.014799518155223,0.8768093997940767,1.2062229144095342,0.016285211267605633,0.009835509581142954
noise,3,2,2,c64,warm,8,6933,6943,1.0014423770373575,0.9656308177001289,1.0429013710747457,0.020193278523005915,0.018867924528301886
noise,3,2,2,c64,cold,32,57608,58580,1.022213691172108,0.9955744680851064,1.3618630508912843,0.005224968754339675,0.004455445544554455
noise,3,2,2,c64,warm,32,14638,14617,0.9924226768616106,0.9757024035627743,1.005396912146468,0.022612378740265063,0.014366833139495109
noise,4,2,2,c64,aci,1,4114296,4082807,0.9982030947700409,0.9650514605228585,1.0091268822253363,0.006170192907851064,0.00506220352811191
noise,4,2,2,c64,cold,8,34836,34916,1.0086117809162936,0.9740406002759242,1.0467057310275834,0.011252727063956827,0.009193492954519418
noise,4,2,2,c64,warm,8,8025,8045,0.9976431769974075,0.968465736810188,1.0250469630557295,0.004984423676012461,0.01740211311373524
noise,4,2,2,c64,cold,32,65403,64751,0.9942410083668369,0.9647204487141238,1.0054023271563135,0.006589911777747198,0.004648576855955893
noise,4,2,2,c64,warm,32,17322,17372,0.9982539867302992,0.9757533772081746,1.0300199741510985,0.008082207597275142,0.012664057103384757
noise,2,3,2,c64,aci,1,583688,564842,0.9740811645194115,0.9003258891458333,1.0609759316182772,0.026296583106042954,0.016408128290743253
noise,2,3,2,c64,cold,8,89578,64822,0.9086271182656456,0.6225729918171694,1.0120372827902766,0.10345174038268325,0.025037795810064486
noise,2,3,2,c64,warm,8,8055,8065,1.0087994971715901,0.9199269989734231,1.097004461440408,0.0260707635009311,0.04600123992560446
noise,2,3,2,c64,cold,32,105849,108794,1.0278226530245915,0.7677083507971901,1.154496566023066,0.03265973226010638,0.018613158813905177
noise,2,3,2,c64,warm,32,14888,14527,1.0027610961551736,0.9152078426379783,1.0343229446534121,0.03230789897904353,0.01652096096922971
noise,3,3,2,c64,aci,1,4845772,4811498,0.9929270299964588,0.9766124961609919,1.0093773604629206,0.006560358184413134,0.009978181431229942
noise,3,3,2,c64,cold,8,52228,51016,0.97862093712818,0.8885894593211666,1.0278464326907233,0.023397411350233592,0.015700956562647014
noise,3,3,2,c64,warm,8,7825,7814,0.9834500318268619,0.9678373382624769,1.0194390084801044,0.017891373801916934,0.010366009726132582
noise,3,3,2,c64,cold,32,75211,74610,0.9693632468135047,0.9139159655854525,1.146500501037359,0.02570102777519246,0.04794263503551803
noise,3,3,2,c64,warm,32,15258,15249,0.999410145497444,0.9770872772374176,1.026157345464276,0.003997902739546468,0.005902026362384419
noise,4,3,2,c64,aci,1,6447804,6483171,1.0069806422336358,1.0002512745993626,1.0117702781787679,0.00442507247428737,0.0023659718369297986
noise,4,3,2,c64,cold,8,55284,53691,0.9668258447290355,0.808794287780188,1.0496588809833007,0.011052022284928732,0.004488648004321022
noise,4,3,2,c64,warm,8,8947,8937,0.9988823069185202,0.9867359345639438,1.0366678125358084,0.019000782385157036,0.003468725523106188
noise,4,3,2,c64,cold,32,76845,78488,0.99061747673889,0.9529837719014677,1.052318511077037,0.006376472119200989,0.03011925389868515
noise,4,3,2,c64,warm,32,17874,17924,1.0079333820964385,0.9655491959662034,1.0106240214717066,0.005594718585655142,0.001673733541620174
production,2,0,2,f64,aci,1,466357,438665,0.9819159725150131,0.9334758192585907,1.0172307441882382,0.007284119247700796,0.0029225035049525263
production,2,0,2,f64,cold,8,20970,20769,0.9880589914367269,0.946081388334648,1.0317398310464378,0.00619933237958989,0.017333525928065866
production,2,0,2,f64,warm,8,5700,5781,1.0054577464788732,0.9912280701754386,1.0360215053763442,0.0035087719298245615,0.010378827192527244
production,2,0,2,f64,cold,32,32872,32931,0.9920905329763933,0.9665447094980243,1.0333925073457395,0.016457775614504747,0.009109957183201239
production,2,0,2,f64,warm,32,11682,11602,0.9957225530487294,0.9778682269142712,1.0260133091349062,0.009501797637390858,0.012066885019824168
production,3,0,2,f64,aci,1,984321,1036909,1.0531688742495386,1.0075787427698752,1.070014318256446,0.0013643923069811576,0.01064799321830556
production,3,0,2,f64,cold,8,23574,23214,0.98913608033241,0.8555627598306571,1.0390296302927222,0.02252481547467549,0.017661755836994916
production,3,0,2,f64,warm,8,6522,6432,1.0032051282051282,0.9726296688341146,1.0110028292989626,0.004599816007359705,0.003109452736318408
production,3,0,2,f64,cold,32,36538,37200,1.0103479181944104,1.0024905577754666,1.050463181906696,0.007690623460506869,0.015080645161290323
production,3,0,2,f64,warm,32,13756,14117,1.0345156089696614,0.9921237290562795,1.5266065716778132,0.00799651061355045,0.01848834738258837
production,4,0,2,f64,aci,1,1343195,1311557,0.9933607155218837,0.9587703465149713,1.0475508023779123,0.012517169882258346,0.007860123502066628
production,4,0,2,f64,cold,8,27191,26940,1.0003405221339388,0.9078042862919531,1.037858051582559,0.027987201647603988,0.00894580549368968
production,4,0,2,f64,warm,8,7764,7884,1.0154559505409582,0.9608338597599495,1.0232618583495776,0.008887171561051005,0.0012683916793505834
production,4,0,2,f64,cold,32,44404,43993,0.9912457460146874,0.9684755090809026,1.0091673906085685,0.005855328348797406,0.0034096333507603483
production,4,0,2,f64,warm,32,16692,16651,0.9934096219519502,0.9783129642942727,1.0111879100281163,0.007248981548046969,0.00966908894360699
production,2,1,2,f64,aci,1,452270,450226,0.9792362163306279,0.9599929245804497,1.0276457725614794,0.03156742653724545,0.03564876306566036
production,2,1,2,f64,cold,8,22673,22172,0.9872675185303078,0.8124683223517486,1.0160854222996196,0.037577735632690866,0.01037344398340249
production,2,1,2,f64,warm,8,5861,5821,0.9963611159244499,0.9443790959502605,1.0068015643598027,0.003412386964681795,0.01219721697302869
production,2,1,2,f64,cold,32,35216,36058,1.0262408925318762,0.9801639705073182,1.0817840543439399,0.010790549750113584,0.011952964668034832
production,2,1,2,f64,warm,32,11902,11872,0.997479415224332,0.9803954850207927,1.016335956209374,0.004284994118635524,0.010950134770889488
production,3,1,2,f64,aci,1,1576265,1654571,1.053407942017618,0.9938625224920719,1.0615767420331046,0.003598379714070921,0.007375325688652829
production,3,1,2,f64,cold,8,25037,24185,0.9820877320019817,0.9382384320543723,1.0070789090151988,0.011223389383712106,0.018234442836468887
production,3,1,2,f64,warm,8,6663,6752,1.0133573465405974,0.9927213309566251,1.0900791235544736,0.0120066036319976,0.0016291469194312795
production,3,1,2,f64,cold,32,38773,38683,0.9989764048187711,0.9574697754749568,1.0598569456644498,0.024037345575529362,0.01605356358090117
production,3,1,2,f64,warm,32,13626,13776,1.0093132375941989,1.0043744531933507,1.0352785535793032,0.0066050198150594455,0.01096109175377468
production,4,1,2,f64,aci,1,2195178,2272453,1.0209318219463523,0.9931809630016336,1.0462930467761167,0.014741856924586525,0.00876013717335408
production,4,1,2,f64,cold,8,28584,28193,0.9929834409205726,0.946824173942818,0.9989215515741868,0.005632521690456199,0.005355939417585926
production,4,1,2,f64,warm,8,7834,7925,0.9924859110832811,0.984,1.0270444301352222,0.019019657901455194,0.008832807570977918
production,4,1,2,f64,cold,32,46618,47189,1.0120313974435962,0.9815092882577545,1.0196352832260427,0.0036681110300742204,0.03036724660408146
production,4,1,2,f64,warm,32,16531,16661,1.00786401306636,0.9777219038708923,1.018568784700802,0.019418063033089347,0.0036012244163015424
production,2,2,2,f64,aci,1,469774,502505,1.073256502062694,0.9927067241584192,1.164667828139368,0.011539591377981754,0.04846916946100039
production,2,2,2,f64,cold,8,34746,33904,1.02151891489727,0.8604155874057445,1.1545470056304385,0.01876474989926898,0.05291411042944785
production,2,2,2,f64,warm,8,6151,6272,1.0279513317987503,0.9863076220903697,1.0482160077145612,0.011542838562835311,0.006536989795918368
production,2,2,2,f64,cold,32,64752,62257,1.0001535320037462,0.9363762948908236,1.16322564974496,0.009281566592537682,0.032494337986089916
production,2,2,2,f64,warm,32,12714,12965,1.014202303929304,0.9984269309422684,1.0480572597137015,0.0023596035865974517,0.008561511762437331
production,3,2,2,f64,aci,1,2995222,2931643,0.9787731927716877,0.9540213513275588,1.0227070615821863,0.0036124200476625773,0.013003629705254016
production,3,2,2,f64,cold,8,28594,28324,0.9793313282506819,0.8534387000539528,1.0587149989146951,0.03329369797859691,0.011333145036011863
production,3,2,2,f64,warm,8,6592,6553,1.0030613806826878,0.9846807219778553,1.0355824597667207,0.00591626213592233,0.00930871356630551
production,3,2,2,f64,cold,32,55765,55064,0.994333876336851,0.9694878250611828,1.0208391374602999,0.01850623150721779,0.016925759116664246
production,3,2,2,f64,warm,32,14387,14437,0.9831197030188414,0.9640848410923629,1.0385665290123889,0.007645791339403628,0.014545958301586202
production,4,2,2,f64,aci,1,4013457,3915693,0.9831190674338145,0.9612294194612667,0.9926019146649543,0.004772693466006986,0.00722298709321696
production,4,2,2,f64,cold,8,33093,32131,0.9740801656920078,0.9628450434298785,1.0513822204992098,0.007886864291542018,0.030531262643552954
production,4,2,2,f64,warm,8,7935,8045,1.0100439422473322,1.0025204788909894,1.0350809061488673,0.015248897290485192,0.006090739589807334
production,4,2,2,f64,cold,32,61867,63640,1.0045258376840642,0.9517034598312708,1.0419975440032747,0.007936379653126869,0.0174732872407291
production,4,2,2,f64,warm,32,17283,17543,1.0213219616204692,0.9796910258635654,1.0664613197488448,0.011572065035005496,0.01829789659693325
production,2,3,2,f64,aci,1,536999,531038,0.9925567831597452,0.9679824963986865,1.091226656167823,0.005895727925005447,0.0036984170624324436
production,2,3,2,f64,cold,8,61485,57127,0.9526353739405903,0.8383670814019679,1.3745770021896357,0.049377897048060504,0.1024209218058011
production,2,3,2,f64,warm,8,7654,7804,1.041366426474513,0.9519419862340216,1.1265616512764802,0.03788868565455971,0.007560225525371604
production,2,3,2,f64,cold,32,105909,103955,0.9815501987555354,0.7793097326804443,1.0189741408986899,0.06744469308557346,0.03188879803761243
production,2,3,2,f64,warm,32,14898,14768,0.9828614519777884,0.9825479930191972,0.9940095577842095,0.008726003490401396,0.008802816901408451
production,3,3,2,f64,aci,1,4671544,4593647,0.9801235554121742,0.962226140902524,1.0046133689957264,0.004222800855562957,0.007097193145228617
production,3,3,2,f64,cold,8,50976,50605,1.0100243251726302,0.827313618206841,1.0799650006402322,0.04364799121155053,0.025926291868392452
production,3,3,2,f64,warm,8,7654,7344,0.980453479280688,0.9532710280373832,1.0497056899934598,0.0026130128037627383,0.004084967320261438
production,3,3,2,f64,cold,32,69150,67647,0.9777510350854572,0.9468297009261548,1.0414316702819957,0.009414316702819957,0.015980013895664256
production,3,3,2,f64,warm,32,14748,14778,1.0123304562268804,0.9965419039869813,1.016142050040355,0.008136696501220505,0.0054811205846528625
production,4,3,2,f64,aci,1,6210117,6306158,1.0199254611048345,1.0061515749220185,1.032286908983119,0.0009727675018039113,0.010221913247336968
production,4,3,2,f64,cold,8,48541,49092,1.016109282926456,0.983684232211281,1.0990708885272245,0.00515028532580705,0.027336429560824573
production,4,3,2,f64,warm,8,8696,8586,0.987408424908425,0.9611484561923208,1.0494214079074253,0.009314627414903404,0.004658746797111577
production,4,3,2,f64,cold,32,74751,72346,1.0234336199911127,0.9070588686873856,1.0706849470929571,0.04556460783133336,0.020084040582755095
production,4,3,2,f64,warm,32,17774,17472,0.9768200742657814,0.9705049158473588,1.0113616997102766,0.009620794418813998,0.006295787545787546
production,2,0,2,c64,aci,1,446048,464373,1.0465402621300548,1.0082440248732023,1.1942705717770286,0.032570485687639,0.01902996082890263
production,2,0,2,c64,cold,8,21390,21400,0.9903585693953446,0.9425344929648012,1.0353669746964052,0.01921458625525947,0.007990654205607477
production,2,0,2,c64,warm,8,5761,5701,0.9946912050964432,0.9612207047715394,1.0228621291448516,0.017358097552508243,0.014032625855113138
production,2,0,2,c64,cold,32,33302,34174,1.015724292850176,1.0000300282265329,1.0375153567254967,0.007807338898564651,0.013197167437232983
production,2,0,2,c64,warm,32,12123,11993,1.0024746349913387,0.9827374621614988,1.0226441386518028,0.008248783304462591,0.013341115650796298
production,3,0,2,c64,aci,1,1055254,1039494,0.9999526180426703,0.8720962928461764,1.0320763583024088,0.02543463469458538,0.015113122346064527
production,3,0,2,c64,cold,8,23775,23674,1.0029258098223615,0.9907512031805817,1.0387802313354364,0.006309148264984227,0.0059136605558840925
production,3,0,2,c64,warm,8,6672,6552,0.9937623611745018,0.9631045127149787,1.0271282973621103,0.014838129496402877,0.018315018315018316
production,3,0,2,c64,cold,32,37541,37721,1.0090955298146116,0.9707446808510638,1.030523137190892,0.004262006872486082,0.010630683173828901
production,3,0,2,c64,warm,32,13956,13896,1.001433075379765,0.9764194628481869,1.012886230955432,0.006448839208942391,0.01367299942429476
production,4,0,2,c64,aci,1,1353355,1373071,1.0123053863997737,0.9426361442419345,1.059460378097395,0.029249531719319766,0.026267396223501917
production,4,0,2,c64,cold,8,27502,27862,1.0028795623065294,0.9850338649770592,1.0363959823579556,0.0014544396771143918,0.014033450577847965
production,4,0,2,c64,warm,8,7955,7975,1.0037712130735386,0.976724348038021,1.0167202572347267,0.011313639220615965,0.003761755485893417
production,4,0,2,c64,cold,32,44594,44765,1.0038345965825,0.999557277255119,1.0259981222336478,0.00829708032470736,0.008712163520607618
production,4,0,2,c64,warm,32,16572,16661,1.004221699535613,0.9951222486433754,1.0342023587833644,0.008387641805454983,0.004861652962007083
production,2,1,2,c64,aci,1,453744,480023,1.047559857540816,1.008227159498095,1.0884832158950695,0.045023184879579674,0.00978911427160782
production,2,1,2,c64,cold,8,23214,23153,1.0021736295265835,0.986745652915104,1.016642641855589,0.010769363315240803,0.00431909471774716
production,2,1,2,c64,warm,8,5961,5781,0.9826787858000343,0.9461499748364368,1.0100317672629995,0.006710283509478276,0.024390243902439025
production,2,1,2,c64,cold,32,39223,36348,0.9267011702317518,0.8927761659799596,1.0488392708737326,0.04573846977538689,0.00745570595356003
production,2,1,2,c64,warm,32,12042,12103,0.9991439821948297,0.6939192641798672,1.0126127631139326,0.008387311077894038,0.0024787242832355616
production,3,1,2,c64,aci,1,1599447,1628282,1.0245009715266749,0.976403477394999,1.0677618988856075,0.01722532850416425,0.007555816498616333
production,3,1,2,c64,cold,8,25127,25779,1.0113507836484084,0.9232504834897214,1.0494644361535683,0.014764993831336809,0.014779471662981497
production,3,1,2,c64,warm,8,6672,6643,0.9911438006604624,0.9734238889709139,1.029038667278007,0.0151378896882494,0.007526719855486978
production,3,1,2,c64,cold,32,39785,40085,1.0035048191262987,0.9735578735704411,1.0292801952013013,0.011084579615432952,0.013745790195833853
production,3,1,2,c64,warm,32,13826,13907,1.005699629524081,0.9847388977289165,1.0236987818383168,0.011572399826414002,0.0029481556050909613
production,4,1,2,c64,aci,1,2248327,2226036,0.9825412406647254,0.9485519051054363,1.0828110939819966,0.02471793471323344,0.013695645533136031
production,4,1,2,c64,cold,8,29516,29486,0.992512535573926,0.9787234042553191,1.0284685183902473,0.0030153137281474455,0.006477650410364241
production,4,1,2,c64,warm,8,7945,7965,0.9900805951642901,0.9779005524861878,1.0203154574132491,0.0039018250471994967,0.006277463904582548
production,4,1,2,c64,cold,32,48461,48662,0.9985540476338023,0.9097902367548392,1.01427952374074,0.0010317574957182064,0.0065965229542558875
production,4,1,2,c64,warm,32,16752,16681,0.9982047752977081,0.968878208885242,1.0023877745940784,0.007223018147086915,0.006654277321503507
production,2,2,2,c64,aci,1,495121,493788,0.9884435787337348,0.888923616911589,1.0076644559086336,0.002064141896627289,0.008299108119273858
production,2,2,2,c64,cold,8,35707,36418,1.0737610195793574,0.9420188425302827,1.3068505568505568,0.04041224409779595,0.10700752375199077
production,2,2,2,c64,warm,8,6222,6362,1.0257152041144326,0.960976368159204,1.0475254015077025,0.019286403085824494,0.004715498270983967
production,2,2,2,c64,cold,32,61696,63330,1.0264846991701244,1.015710864958914,1.0603702891090445,0.02369683609958506,0.012332228012000632
production,2,2,2,c64,warm,32,12894,13475,1.0490150457577168,0.8210892970234326,1.058190670645516,0.012408872343725764,0.003784786641929499
production,3,2,2,c64,aci,1,2804263,2836614,1.0013538046767139,0.9595692304891374,1.061241413705017,0.016123666004222856,0.025822336066874098
production,3,2,2,c64,cold,8,29445,29175,0.9908303616912888,0.8687172463077656,1.0790801441565128,0.030599422652402786,0.009974293059125963
production,3,2,2,c64,warm,8,6733,6783,0.9940591118372196,0.9778669043374926,1.038018782187216,0.005940888162780335,0.013268465280849183
production,3,2,2,c64,cold,32,59502,60143,1.01077274713455,1.0081738311892061,1.0660800746376695,0.04478841047359752,0.03147498461998902
production,3,2,2,c64,warm,32,14908,14587,0.9738395492353099,0.9534610105235636,1.0181781593775154,0.012744834987925946,0.01021457462123809
production,4,2,2,c64,aci,1,4040979,4054624,0.9940637919487461,0.9799224557087645,1.0168521620079298,0.004930983308747707,0.012980241817736984
production,4,2,2,c64,cold,8,35136,34625,0.9854565118397086,0.8418589992242048,0.9934540072859745,0.012835837887067394,0.008115523465703971
production,4,2,2,c64,warm,8,8026,8075,1.0075901328273245,0.9914582062233069,1.0150848522941547,0.008846249688512334,0.006191950464396285
production,4,2,2,c64,cold,32,65984,65884,1.0069865421920465,0.9548205793341981,1.0171836161245003,0.018383244422890396,0.00851496569728614
production,4,2,2,c64,warm,32,17423,17613,1.0109051254089423,0.9931243912221395,1.0120668850198242,0.0017218619066750847,0.014250837449611083
production,2,3,2,c64,aci,1,579269,583627,1.0254252844883665,0.9675366712183804,1.110656086910214,0.024456685926572973,0.03968801991683044
production,2,3,2,c64,cold,8,80752,64191,0.8051047284585476,0.7760426986328512,1.061922921290449,0.012656033287101248,0.017806234518857784
production,2,3,2,c64,warm,8,8285,8146,0.9659997813490762,0.9421527360192423,1.040510680088387,0.016777308388654193,0.038301006629020376
production,2,3,2,c64,cold,32,111079,108303,0.9806326892410758,0.8727302190333006,1.0973342483578579,0.010100919165638869,0.01637997100726665
production,2,3,2,c64,warm,32,15098,15018,1.0138076139128147,0.9727778513710426,1.038086680030414,0.017220823950192077,0.008656279131708616
production,3,3,2,c64,aci,1,4747948,4775359,1.0057732308778444,0.9688578476575099,1.0389555194470073,0.001975169062508688,0.00783606007422688
production,3,3,2,c64,cold,8,52278,51987,1.017385040688393,0.9685740374372241,1.0621779198796313,0.017062626726347604,0.01829303479716083
production,3,3,2,c64,warm,8,7665,7524,0.9789954337899544,0.9602237414543194,1.0388688016528926,0.01578604044357469,0.02671451355661882
production,3,3,2,c64,cold,32,71875,74640,1.0384695652173912,0.8499237052329235,1.241608695652174,0.04446608695652174,0.04255091103965702
production,3,3,2,c64,warm,32,15098,15199,1.0236395474137931,0.9967081440516163,1.0477863202545068,0.0007285733209696648,0.003947628133429831
production,4,3,2,c64,aci,1,6300227,6516042,1.0114643357303583,1.0012626529171091,1.0604812010055518,0.008709686174799733,0.013518175604147425
production,4,3,2,c64,cold,8,54122,54012,1.0011329305135952,0.9432870577698164,1.0349765344961384,0.021470012194671297,0.018366288972820853
production,4,3,2,c64,warm,8,8997,8997,0.9922796955994265,0.7069245647969052,1.045537133772428,0.021229298655107257,0.015560742469712126
production,4,3,2,c64,cold,32,82696,76965,0.9349303472961207,0.7958763542982056,1.132196418317063,0.0715995936925607,0.025518092639511467
production,4,3,2,c64,warm,32,17684,17844,1.0057117005033083,0.9905628955257022,1.0583995881713664,0.011366206740556436,0.010703878054247927
attribution,2,0,2,f64,aci,1,456578,480634,1.0201331054140832,0.9969709447235741,1.1021351294884956,0.03425263591325031,0.009755864129462334
attribution,2,0,2,f64,cold,2,13124,16411,1.246647363608656,1.1071428571428572,1.348312835067802,0.031392868028040234,0.0158430321126074
attribution,2,0,2,f64,warm,2,2805,4669,1.6538324420677362,1.6151675485008818,1.7572192513368985,0.0106951871657754,0.00642535874919683
attribution,2,0,2,f64,cold,8,20809,25207,1.2129259241409225,1.1731350330500472,1.2327366979655712,0.01734826277091643,0.004760582377910898
attribution,2,0,2,f64,warm,8,5851,7614,1.3089585860336164,1.2946504870962228,1.3261559005174428,0.013672876431379252,0.007880220646178092
attribution,2,0,2,f64,cold,32,32481,36879,1.12585819402112,1.1174777286225077,1.2670445978952447,0.016040146547212215,0.008405867838065023
attribution,2,0,2,f64,warm,32,11692,13586,1.162846390694492,1.1321626617375231,1.1911088400613183,0.010263427984946972,0.008170175180332695
attribution,2,0,2,f64,cold,128,60183,70373,1.1608108999736078,1.127060313650984,1.2537964884540633,0.007327650665470316,0.03902064712318645
attribution,2,0,2,f64,warm,128,28684,32160,1.1296190408119506,1.1010290641079126,1.148914742142733,0.002789011295495747,0.015578358208955223
attribution,3,0,2,f64,aci,1,1007223,1044494,1.0376365750716685,1.0106347054628773,1.1071520381468918,0.007080854984447337,0.00647490555235358
attribution,3,0,2,f64,cold,2,16611,21821,1.313647582926976,1.2502753144380687,1.339808781438402,0.00909036180844019,0.0027496448375418175
attribution,3,0,2,f64,warm,2,3607,6152,1.7164695702336314,1.6167615947925142,1.722672630696114,0.022179096201829774,0.006501950585175552
attribution,3,0,2,f64,cold,8,23253,27962,1.201201596281191,1.108406906789593,1.2348223561188447,0.020212445705930417,0.014698519419211787
attribution,3,0,2,f64,warm,8,6743,9127,1.3625982500370755,1.3172090296100851,1.3887705416920268,0.011715853477680558,0.006683466637449326
attribution,3,0,2,f64,cold,32,36909,42110,1.1409141401826113,1.1079528990279497,1.1889480619303832,0.011135495407624157,0.006910472571835668
attribution,3,0,2,f64,warm,32,13987,16120,1.1464831146483114,1.1375661375661377,1.1587324043290657,0.002859798384213913,0.008064516129032258
attribution,3,0,2,f64,cold,128,78508,88477,1.1356819237189222,1.0977651144154572,1.1588755286085495,0.007285881693585367,0.02275167557670355
attribution,3,0,2,f64,warm,128,36739,39214,1.0607801228960727,1.028956825165356,1.0741207406595814,0.006287596287324097,0.007650328964145458
attribution,4,0,2,f64,aci,1,1378272,1457360,1.0472271590935975,1.0315989164248451,1.0890390285807157,0.007138648974948341,0.029939067903606523
attribution,4,0,2,f64,cold,2,20428,26840,1.3138829058155472,1.2885661526176573,1.3288377627925427,0.01865087135304484,0.013450074515648286
attribution,4,0,2,f64,warm,2,4929,7464,1.5329636475662354,1.4987951807228916,1.5656382335148216,0.010346926354230066,0.008038585209003215
attribution,4,0,2,f64,cold,8,27131,34004,1.2226972835501824,1.1023358223243347,1.3787085514834205,0.00737164129593454,0.015909892953770145
attribution,4,0,2,f64,warm,8,7935,10560,1.3282923755513547,1.2995323652473543,1.4035245690764084,0.005040957781978576,0.006628787878787879
attribution,4,0,2,f64,cold,32,45175,51046,1.1292971776425014,1.121522568477003,1.1511019400953029,0.016624239070282237,0.018649845237628804
attribution,4,0,2,f64,warm,32,16882,19687,1.1719533562926712,1.136215144090538,1.195829877976543,0.004146428148323659,0.010666937573017727
attribution,4,0,2,f64,cold,128,97413,117250,1.203638118115652,1.1235763507337764,1.2356038607827902,0.004013837988769466,0.04202985074626866
attribution,4,0,2,f64,warm,128,45646,48682,1.062658857332302,1.0535069316780934,1.0895587784252727,0.008784997590150287,0.0031017624584035166
attribution,2,1,2,f64,aci,1,460696,478590,1.086481713834286,0.9911264695156893,1.1061149109338257,0.01078585444631601,0.029789590254706535
attribution,2,1,2,f64,cold,2,13936,17633,1.2716717149862975,1.2395133338049091,1.2853831775700935,0.008610792192881744,0.006238303181534623
attribution,2,1,2,f64,warm,2,3036,4820,1.55735056542811,1.539384116693679,1.6579564489112228,0.016798418972332016,0.014730290456431535
attribution,2,1,2,f64,cold,8,22241,26891,1.1968886291084033,1.167125658981824,1.238108095945277,0.0008992401420799425,0.013424565839872076
attribution,2,1,2,f64,warm,8,5841,7665,1.3252486477054615,1.2980687062040677,1.3516521143639788,0.00342407122068139,0.0091324200913242
attribution,2,1,2,f64,cold,32,35657,42590,1.2153433891375214,1.0882566334991708,1.3602378214656308,0.015172336427629919,0.028246067151913596
attribution,2,1,2,f64,warm,32,12033,13786,1.1328337313678662,1.1178139949728372,1.1933344669273933,0.009141527466134796,0.003626867836936022
attribution,2,1,2,f64,cold,128,64602,72336,1.1236029844277267,1.0469821971341728,1.2275833811357864,0.05242871737717099,0.0034699181596991816
attribution,2,1,2,f64,warm,128,28594,30588,1.0760409747229311,1.0568386115336745,1.084381495965895,0.007379170455340281,0.004609650843468027
attribution,3,1,2,f64,aci,1,1620858,1691581,1.0373817389553952,1.029398010189665,1.0611793188144176,0.010026171324076507,0.013639902552700698
attribution,3,1,2,f64,cold,2,17293,21851,1.2629965882148846,1.2218910705937354,1.3372555906802481,0.004568322442606835,0.022928012447942885
attribution,3,1,2,f64,warm,2,3616,6101,1.7193287037037037,1.6242073338847531,1.7297748123436196,0.0030420353982300885,0.021471889854122274
attribution,3,1,2,f64,cold,8,24867,30267,1.2163509872521816,1.1964659841087877,1.3049066333307289,0.017291993404914142,0.02814946971949648
attribution,3,1,2,f64,warm,8,6742,9338,1.3807481886736654,1.3553337306317044,1.4058142984277662,0.004449718184514981,0.014992503748125937
attribution,3,1,2,f64,cold,32,39915,44644,1.1120885494707333,1.0621822356552095,1.142579274690963,0.02836026556432419,0.02152584893826718
attribution,3,1,2,f64,warm,32,14016,16280,1.1623144977168949,1.128708033782369,1.1691685912240184,0.003567351598173516,0.0025184275184275185
attribution,3,1,2,f64,cold,128,80672,90951,1.1056766345666498,1.0861499900734564,1.1628042892717385,0.0011032328441094804,0.0073885938582313555
attribution,3,1,2,f64,warm,128,37039,40526,1.088120407550056,1.0757970339099208,1.116362660944206,0.007316612219552363,0.01705078221388738
attribution,4,1,2,f64,aci,1,2267213,2326534,1.0316709305551275,1.0078028313366003,1.0568186987032884,0.0051084745897275645,0.007049542366455852
attribution,4,1,2,f64,cold,2,21150,27031,1.2671394799054374,1.2319857800464884,1.3331868346518214,0.005673758865248227,0.008545743775664976
attribution,4,1,2,f64,warm,2,5020,7464,1.4980726313653885,1.4763319469201823,1.5256124721603563,0.005776892430278884,0.009512325830653805
attribution,4,1,2,f64,cold,8,28834,34545,1.2085855228632403,1.1597591334185562,1.284213081778456,0.008705001040438372,0.002026342451874367
attribution,4,1,2,f64,warm,8,8025,10680,1.34301958307012,1.2765957446808511,1.3693579148124602,0.019937694704049845,0.0046816479400749065
attribution,4,1,2,f64,cold,32,47499,53891,1.1412990533471696,1.1041260191821898,1.2854935953826678,0.005894860944440935,0.02174760164034811
attribution,4,1,2,f64,warm,32,16862,19406,1.1479658403510853,1.1260952823072012,1.1825320704951445,0.007768947930257383,0.011336699989693909
attribution,4,1,2,f64,cold,128,102192,118723,1.1895453593128011,1.0994339690665897,1.2290198841396587,0.05068889932675748,0.03569653731795861
attribution,4,1,2,f64,warm,128,46407,49302,1.070345481175153,1.043464255803466,1.0751482903000698,0.003447755726506777,0.010790637296661394
attribution,2,2,2,f64,aci,1,513666,539905,1.0480502560782003,0.9651313072332911,1.111409597681274,0.0028676221513590544,0.004693418286550411
attribution,2,2,2,f64,cold,2,16010,22171,1.3848219862585884,1.234398097564111,1.4488593155893537,0.014366021236727046,0.03802264219024852
attribution,2,2,2,f64,warm,2,3196,4929,1.5722079589216944,1.5374298190892077,1.5806873977086744,0.025031289111389236,0.02028809089064719
attribution,2,2,2,f64,cold,8,36128,53441,1.5584864924712134,1.3627761865793782,1.7034665272650047,0.01608170947741364,0.02438202877940158
attribution,2,2,2,f64,warm,8,6432,8356,1.3239929947460596,1.2707233778329712,1.4640733001125221,0.001554726368159204,0.020344662517951174
attribution,2,2,2,f64,cold,32,61876,79379,1.3141565816267404,1.2182297447280799,1.4356440281030445,0.028330855258904906,0.004673780218949596
attribution,2,2,2,f64,warm,32,13124,15188,1.1714418460585412,1.1130983302411874,1.223583580458873,0.016001219140505944,0.012444034764287595
attribution,2,2,2,f64,cold,128,87805,105339,1.1705478693967903,1.1330323981486772,1.2388359884553326,0.003416661921302887,0.03499178841644595
attribution,2,2,2,f64,warm,128,29725,32310,1.0704793944491169,1.0618469263129326,1.0971838577107054,0.004743481917577797,0.00807799442896936
attribution,3,2,2,f64,aci,1,3001183,3139814,1.0511685750266142,1.0276303058091418,1.064757889458509,0.011359853764332265,0.02457979994993334
attribution,3,2,2,f64,cold,2,18455,23744,1.2907855395487904,1.2045161622931382,1.348051655106299,0.039122189108642645,0.016004043126684638
attribution,3,2,2,f64,warm,2,3747,6162,1.6095543101147585,1.508499271491015,1.700560448358687,0.021617293835068056,0.011522233041220383
attribution,3,2,2,f64,cold,8,28294,33824,1.2002956393200295,1.1506718829732947,1.2361615574604097,0.011698593341344455,0.006208609271523178
attribution,3,2,2,f64,warm,8,6753,9418,1.3726572715385732,1.296327446033081,1.4094476528950097,0.005923293351103213,0.010617965597791464
attribution,3,2,2,f64,cold,32,56857,63699,1.1238721705330919,1.010469709227621,1.1494480917682708,0.02485182123573175,0.00048666384087662286
attribution,3,2,2,f64,warm,32,14688,17132,1.1663592266174763,1.123771163298744,1.1766748366013071,0.003472222222222222,0.008813915479803876
attribution,3,2,2,f64,cold,128,95820,111790,1.1553103299779297,1.141337513061651,1.20399707785431,0.014955124191191818,0.031997495303694425
attribution,3,2,2,f64,warm,128,37862,40306,1.0714170908116796,0.9633460923494356,1.17829743481585,0.005599281601605831,0.00893167270381581
attribution,4,2,2,f64,aci,1,4089560,4105851,1.015902679892358,1.0039835581333934,1.0253317516098521,0.02037309637222586,0.008743132666041705
attribution,4,2,2,f64,cold,2,22472,28603,1.2791751844280508,1.2666282880170048,1.306805293005671,0.0048949804200783195,0.006328007551655421
attribution,4,2,2,f64,warm,2,4859,7624,1.5669242012946336,1.5146825396825396,2.206924478639401,0.014406256431364478,0.007869884575026232
attribution,4,2,2,f64,cold,8,32792,39565,1.2162245242998986,1.1040346972550363,1.398999756038058,0.00795925835569651,0.022064956400859346
attribution,4,2,2,f64,warm,8,8135,10850,1.3140749846342963,1.203811369509044,1.3772755806654111,0.02839582052858021,0.011889400921658987
attribution,4,2,2,f64,cold,32,65924,72296,1.0887100525654743,1.0398971837282074,1.2168709422971906,0.021737151871852437,0.028825937811220538
attribution,4,2,2,f64,warm,32,17522,20258,1.153863714187878,1.0988879848114999,1.1810991802332294,0.013183426549480654,0.0019745285813012143
attribution,4,2,2,f64,cold,128,116469,139823,1.1963870214391812,1.1321517060452462,1.2740052890454738,0.004902592106053971,0.023143545768578844
attribution,4,2,2,f64,warm,128,47179,50484,1.073865093613747,0.8885368815671366,1.1133452868852458,0.008287585578329341,0.007903494176372712
attribution,2,3,2,f64,aci,1,557338,599127,1.1083067848352022,0.9951653485156847,1.1290053291323388,0.03857623201719603,0.02877853944155413
attribution,2,3,2,f64,cold,2,22102,34595,1.5422164764621968,1.481404174573055,1.7416139377654503,0.04397792055017646,0.09325046972105795
attribution,2,3,2,f64,warm,2,3466,5420,1.584445734184562,1.4512026541332597,1.6127098321342925,0.03750721292556261,0.007380073800738007
attribution,2,3,2,f64,cold,8,59813,84379,1.3411568369846962,0.8718302664043563,1.5344991891394848,0.06500259140989417,0.08774695125564418
attribution,2,3,2,f64,warm,8,8476,10429,1.2035863717872086,0.6174294002723344,1.3726756198347108,0.04837187352524776,0.0192731805542238
attribution,2,3,2,f64,cold,32,104917,112902,1.0781630489796308,0.9458946048888675,1.2571651877198167,0.011551988714888913,0.09184956865245966
attribution,2,3,2,f64,warm,32,15148,17162,1.1329548455241616,1.0764108862887065,1.1542966179760494,0.003300765777660417,0.022200209765761567
attribution,2,3,2,f64,cold,128,118422,152808,1.2240819812126387,0.981480440471952,1.290368343719917,0.038236138555336,0.028323124443746402
attribution,2,3,2,f64,warm,128,31780,33823,1.056605541844991,0.9778553761094136,1.0893005961920637,0.016393958464443047,0.006238358513437602
attribution,3,3,2,f64,aci,1,4729863,4873734,1.0326729120614453,0.9787506866777187,1.0501437172551547,0.008932394024943217,0.012827536340719457
attribution,3,3,2,f64,cold,2,21911,26650,1.2153712747022043,1.1466678214177457,1.538749942846692,0.0018255670667701154,0.006378986866791745
attribution,3,3,2,f64,warm,2,4138,6282,1.5181246979217013,1.3867690223526756,1.5754403880520806,0.01933301111648139,0.017510347023241005
attribution,3,3,2,f64,cold,8,50065,66986,1.358384198892787,1.307222386442014,1.4272246080095876,0.014401278338160392,0.03081240856298331
attribution,3,3,2,f64,warm,8,7694,10219,1.3403725078698845,1.2302655960469426,1.3982770046388338,0.009097998440343124,0.012721401311282904
attribution,3,3,2,f64,cold,32,69040,90230,1.3104153787276636,1.2429949209610227,1.3689049367357466,0.015237543453070684,0.013332594480771362
attribution,3,3,2,f64,warm,32,15129,17553,1.1601928920597173,1.142847925672624,1.192099678236462,0.011963778174367109,0.00797584458497123
attribution,3,3,2,f64,cold,128,108714,132950,1.1992293805405114,1.137199555213412,1.2939915742222712,0.00598818919366411,0.009951109439638962
attribution,3,3,2,f64,warm,128,38161,40566,1.0618815768807917,0.955010130779149,1.0669793768507114,0.0015722858415659967,0.0037223290440270176
attribution,4,3,2,f64,aci,1,6355841,6510461,1.0243272290795191,1.0112746668929973,1.0475890363181903,0.008981816883084394,0.004407368387584228
attribution,4,3,2,f64,cold,2,24346,30658,1.2534707960239875,1.1627398856560214,1.2896251811969353,0.022632054546948163,0.01565659860395329
attribution,4,3,2,f64,warm,2,5140,7824,1.5221789883268482,1.4923518164435947,1.6242063492063492,0.017509727626459144,0.01278118609406953
attribution,4,3,2,f64,cold,8,49152,58910,1.206313279308045,1.1133839301076296,1.268524395487398,0.006734212239583333,0.01137328127652351
attribution,4,3,2,f64,warm,8,8707,11682,1.346317851792094,1.2985209438861918,1.3715401401171472,0.004594004823705065,0.01549392227358329
attribution,4,3,2,f64,cold,32,72346,86863,1.2021227436823105,1.174243174073498,1.2784827051383187,0.02243385950847317,0.04162877174401068
attribution,4,3,2,f64,warm,32,17643,20779,1.1777475486028453,1.1484348891611897,1.2286947141316074,0.010202346539704131,0.007700081813369267
attribution,4,3,2,f64,cold,128,126388,136677,1.0707742945450167,0.9852216036439881,1.248519267799254,0.024962812925277716,0.008501796205652744
attribution,4,3,2,f64,warm,128,47309,52138,1.1037066830373208,1.0017788319003853,1.1273004510896039,0.001902386438098459,0.020944416740189497
attribution,2,0,3,f64,aci,1,4544255,6185701,1.3583344244546136,1.3375980194379549,1.4062563111261885,0.0019356308129715432,0.0021150391847261935
attribution,2,0,3,f64,cold,2,12824,16341,1.2758022549869905,1.2429063097514341,1.3472933147200248,0.010995009357454772,0.009791322440487119
attribution,2,0,3,f64,warm,2,2745,4698,1.6899817850637522,1.5952461799660442,1.7290676416819013,0.0036429872495446266,0.00659855257556407
attribution,2,0,3,f64,cold,8,21120,25017,1.182623106060606,1.1689640670996682,1.2294628560337717,0.00809659090909091,0.010033177439341248
attribution,2,0,3,f64,warm,8,5751,7694,1.3378542862110938,1.3049904364458356,1.3904073355669193,0.001738828029907842,0.024564595788926436
attribution,2,0,3,f64,cold,32,35647,40256,1.13108562224012,1.1161015542895072,1.144795993854208,0.01009902656605044,0.002484101748807631
attribution,2,0,3,f64,warm,32,12945,14707,1.1414933250543309,1.1214368482039399,1.1608500077555453,0.0039397450753186555,0.012919018154620248
attribution,2,0,3,f64,cold,128,66084,72796,1.0521800261115335,0.983978860997149,1.2855115204466243,0.04047878457720477,0.028064728831254465
attribution,2,0,3,f64,warm,128,30137,34916,1.1140126754487838,1.0953710460357244,1.1852558949624865,0.009324086670869695,0.01348951769962195
attribution,3,0,3,f64,aci,1,1147979,1201179,1.0215221573282958,0.974407168491346,1.1029742316050917,0.0052622913833789645,0.035181267737780964
attribution,3,0,3,f64,cold,2,16471,21030,1.2922199987872172,1.2631801949034562,1.3907077669283299,0.003035638394754417,0.01331431288635283
attribution,3,0,3,f64,warm,2,3517,6001,1.7360594795539033,1.1322641509433962,1.7605914131361957,0.014216661927779357,0.013164472587902017
attribution,3,0,3,f64,cold,8,22983,28503,1.2458773876343385,1.2126358992271755,1.3467873380801236,0.01005090719227255,0.007718485773427358
attribution,3,0,3,f64,warm,8,6623,8947,1.3552894211576847,1.3193803068672725,1.4574435159393377,0.01660878755850823,0.013412316977757908
attribution,3,0,3,f64,cold,32,40497,45947,1.1345778699656766,1.0903476182588325,1.1906657378843666,0.011358866088846087,0.004156963457897143
attribution,3,0,3,f64,warm,32,14918,17182,1.1517317564494118,1.145729990615364,1.1790323648156729,0.012065960584528758,0.007566057502037015
attribution,3,0,3,f64,cold,128,79369,92104,1.136067289625342,1.0975476059963298,1.2336554574204035,0.006816263276594136,0.021877442890645356
attribution,3,0,3,f64,warm,128,39134,42440,1.0668216895793938,1.037324437353446,1.106014802460127,0.019471559257934277,0.010131950989632422
attribution,4,0,3,f64,aci,1,1713001,1745402,1.0334044049044557,0.9855280061260269,1.1266505808398168,0.01925976692366204,0.01413829020477804
attribution,4,0,3,f64,cold,2,19767,26420,1.3426989547759496,1.3365710527647088,1.3625112286655354,0.022309910456821975,0.017827403482210447
attribution,4,0,3,f64,warm,2,4669,7495,1.602180418982471,1.588260224623861,1.62983906046107,0.0021417862497322766,0.000133422281521014
attribution,4,0,3,f64,cold,8,28123,33834,1.2063650846578489,1.1653382238837553,1.2526046296625537,0.011058564164562813,0.023408405745699593
attribution,4,0,3,f64,warm,8,7905,10640,1.3526011560693643,1.329566854990584,1.3737895416397676,0.008855154965211892,0.009398496240601503
attribution,4,0,3,f64,cold,32,48180,53420,1.1122827370470882,1.1002661934338953,1.157375,0.0037359900373599006,0.0028079371022089105
attribution,4,0,3,f64,warm,32,17874,20809,1.153127404638892,1.1361754503748462,1.1779109879545326,0.0073290813472082356,0.008217598154644625
attribution,4,0,3,f64,cold,128,100730,114486,1.1583431138451576,1.0602563855792735,1.1897858093820972,0.014116946292067905,0.03772513669793687
attribution,4,0,3,f64,warm,128,47369,51547,1.087778927146446,1.0242821659215102,1.140544360451421,0.022419725981126896,0.0003879954216540245
attribution,2,1,3,f64,aci,1,5021353,6585953,1.319134737246239,1.291081826864417,1.332348893123603,0.0104294599483446,0.0035504352976706635
attribution,2,1,3,f64,cold,2,13886,17332,1.2540336662708669,1.236996284652758,1.3055640476918373,0.026717557251908396,0.01442418647588276
attribution,2,1,3,f64,warm,2,3016,4799,1.5703534031413613,1.5423510466988728,1.6925151719487526,0.013262599469496022,0.004167534903104814
attribution,2,1,3,f64,cold,8,22312,26711,1.2003864821139674,1.1519291913723468,1.2458939465039887,0.009456794550017928,0.003706338212721351
attribution,2,1,3,f64,warm,8,5780,7814,1.3397923875432527,1.2503979624323465,1.3967611336032388,0.014013840830449827,0.008958280010238035
attribution,2,1,3,f64,cold,32,40787,48922,1.2006282671116892,1.1541174741586244,1.295727414689092,0.000980704636281168,0.03521932872736192
attribution,2,1,3,f64,warm,32,12974,14687,1.132724175313613,1.114636957356896,1.1815168799136735,0.0031601664868197935,0.012255736365493293
attribution,2,1,3,f64,cold,128,65984,74050,1.1216203928225024,1.0589276537429337,1.215208295433873,0.008956716779825413,0.0017555705604321405
attribution,2,1,3,f64,warm,128,29886,31750,1.0597987378475184,1.0464695629295886,1.0683717987144903,0.004717928126882152,0.010393700787401575
attribution,3,1,3,f64,aci,1,1927564,2015940,1.0310943530559866,1.0202013370334597,1.1140138668823065,0.011268627137672212,0.02087859757730885
attribution,3,1,3,f64,cold,2,16421,21791,1.366158556030359,1.2703175944934186,1.6168321052311065,0.027464831618050058,0.01702537744940572
attribution,3,1,3,f64,warm,2,3537,5972,1.6805751339159853,1.6145048089420329,1.7215764105472073,0.0028272547356516823,0.010214333556597455
attribution,3,1,3,f64,cold,8,24095,29706,1.221059242202219,1.1812872661929266,1.4006763897696046,0.016227433077401952,0.026290984986198074
attribution,3,1,3,f64,warm,8,6752,9158,1.3561380127350806,1.3430839335587241,1.408021712907117,0.007553317535545024,0.003385018563005023
attribution,3,1,3,f64,cold,32,43452,48391,1.1099813239261258,1.0770565141970236,1.2573686657368666,0.008285004142502071,0.0051662499225062514
attribution,3,1,3,f64,warm,32,14878,17233,1.160033340279225,1.1169226780737571,1.1705763857300668,0.03232961419545638,0.005744791968896884
attribution,3,1,3,f64,cold,128,82675,94007,1.12880825700032,1.0947828462168807,1.1491980288902846,0.014659812518899305,0.013318157158509474
attribution,3,1,3,f64,warm,128,38573,43121,1.1243481435127243,0.9985721308021815,1.1465903697062392,0.0057293962097840455,0.01069084668722896
attribution,4,1,3,f64,aci,1,2966829,3058221,1.0188251237912105,0.9831456393826498,1.050437155948361,0.012643465464305493,0.01231467575430291
attribution,4,1,3,f64,cold,2,20238,26780,1.362804732027396,1.3074797710676929,1.6512533962167426,0.02969661033698982,0.010455563853622106
attribution,4,1,3,f64,warm,2,4769,7474,1.563011113440973,1.510204081632653,1.6063532946984331,0.023065632208010067,0.001337971635001338
attribution,4,1,3,f64,cold,8,28023,34745,1.2363925883034164,1.2151150591033084,1.2545409128216107,0.012489740570245869,0.013555907324794935
attribution,4,1,3,f64,warm,8,7914,10700,1.3324889170360987,1.2936848559166156,1.3762057877813505,0.017563810967904978,0.005607476635514018
attribution,4,1,3,f64,cold,32,52208,57829,1.1181816423999846,1.075032578969587,1.1585200689485349,0.04317346000612933,0.012830932577080704
attribution,4,1,3,f64,warm,32,17954,20469,1.1516579793722967,1.1133526526972803,1.1685522310917131,0.00445583156956667,0.014656309541257512
attribution,4,1,3,f64,cold,128,104848,118293,1.1325245760388516,1.1024119087996984,1.242743922980089,0.025904166030825578,0.010845950309823911
attribution,4,1,3,f64,warm,128,46758,53801,1.1088529790819868,1.0861250188022433,1.1506266307369861,0.010714744001026563,0.03947882009628074
attribution,2,2,3,f64,aci,1,6769770,8553083,1.2647980655177355,1.2375753576721422,1.2910495196385399,0.007950196240049515,0.002874402130787226
attribution,2,2,3,f64,cold,2,16521,20589,1.2736469072164949,0.9943566065015624,1.3857181316462512,0.10065976635796865,0.03550439555102239
attribution,2,2,3,f64,warm,2,3126,4909,1.5923028785982478,1.5237797246558198,1.6459504132231404,0.022392834293026232,0.00794459156651049
attribution,2,2,3,f64,cold,8,34735,54503,1.569108967899813,1.3521567480625822,1.5833498457270643,0.01704332805527566,0.02627378309450856
attribution,2,2,3,f64,warm,8,6182,8235,1.3433945093280752,1.3094357820286127,1.3617519224339685,0.006308637981235846,0.010807528840315725
attribution,2,2,3,f64,cold,32,69882,87104,1.2157867971466663,1.1799175753412896,1.4364029955534754,0.023382272974442633,0.022318148420279207
attribution,2,2,3,f64,warm,32,13906,16220,1.1600445599702933,1.1219812547034276,1.1664029915144543,0.02739824536171437,0.011097410604192354
attribution,2,2,3,f64,cold,128,97103,120507,1.269323137205334,1.1020827792213106,1.3318126113508337,0.01155474084219849,0.027774320163973878
attribution,2,2,3,f64,warm,128,30578,33072,1.0807441058460723,1.0651550774582113,1.0851592648309243,0.003957093335077507,0.004233188195452347
attribution,3,2,3,f64,aci,1,3305806,3407949,1.0223442194962797,1.00234855427881,1.0650962810885325,0.013404900348054302,0.004224828481881625
attribution,3,2,3,f64,cold,2,17292,23183,1.314750751431974,1.2914642609299098,1.3569506201731805,0.019720101781170483,0.015140404606823966
attribution,3,2,3,f64,warm,2,3657,6151,1.717671846194364,1.5820473251028806,1.7603619381202569,0.04101722723543889,0.007966184360266623
attribution,3,2,3,f64,cold,8,28293,33103,1.1700067154419822,1.1576361449922694,1.2059583200651027,0.008518007987841516,0.017823158021931546
attribution,3,2,3,f64,warm,8,6713,9267,1.3610344326601773,1.3312974824966484,1.3923157736755216,0.007448234768359899,0.010898888529189597
attribution,3,2,3,f64,cold,32,64271,74359,1.1370636394071278,0.994892410204166,1.2061442564559217,0.021518258623640523,0.020078268938527953
attribution,3,2,3,f64,warm,32,16031,18264,1.1397402265020156,1.1199550870189008,1.1693450284909406,0.01746615931632462,0.016973280770915464
attribution,3,2,3,f64,cold,128,107802,119285,1.084683017121703,0.9710369062849185,1.4050295912877313,0.017745496372980094,0.037129563650081736
attribution,3,2,3,f64,warm,128,38753,45255,1.168001451416427,1.1189327277888164,1.201590466475007,0.0043867571542848295,0.01705888852060546
attribution,4,2,3,f64,aci,1,5547341,5692484,1.0261644272454136,1.019067277030372,1.0372089007676677,0.007527570416168756,0.003861407427759129
attribution,4,2,3,f64,cold,2,21361,28113,1.329049454995478,1.12271113416045,1.4819444444444445,0.01647862927765554,0.006794009888663607
attribution,4,2,3,f64,warm,2,4779,7324,1.5450931157145846,1.4899164799348137,1.6859730412805392,0.006486712701401967,0.001365374112506827
attribution,4,2,3,f64,cold,8,32481,38472,1.1829069302053508,1.1496839367268548,1.2430145796259873,0.014192912779778948,0.011956747764608026
attribution,4,2,3,f64,warm,8,8145,10810,1.3280843149411035,1.3069535618769754,1.353788353162179,0.009821976672805401,0.00545790934320074
attribution,4,2,3,f64,cold,32,72686,79730,1.09690999642297,1.0670255435929914,1.1251998924472497,0.009382824753047355,0.0003762699109494544
attribution,4,2,3,f64,warm,32,19036,21461,1.1139917909284565,0.9950160844547143,1.152268456375839,0.011609581844925405,0.0009319230231582871
attribution,4,2,3,f64,cold,128,135104,141576,1.1297689544704397,1.047903837044055,1.170687755144475,0.06792545002368545,0.013582810645872181
attribution,4,2,3,f64,warm,128,48250,54312,1.1198119626399456,1.0437758614022197,1.1535211267605634,0.009533678756476684,0.010329209014582412
attribution,2,3,3,f64,aci,1,7512196,9016354,1.2002288012719582,1.181622615327606,1.2721793053086994,0.01302734912667348,0.0026768026188856383
attribution,2,3,3,f64,cold,2,21209,31990,1.452368036720217,1.224012798501639,1.6018624641833812,0.027346881041067472,0.0485464207564864
attribution,2,3,3,f64,warm,2,3317,5000,1.4942528735632183,1.4749705535924618,1.5499070055796653,0.023816701839011155,0.0022
attribution,2,3,3,f64,cold,8,58620,84699,1.1336574547935858,0.855621071729411,1.5668950406899909,0.06750255885363357,0.06387324525673267
attribution,2,3,3,f64,warm,8,6713,9027,1.3281460421966182,1.2344684169482714,1.348722545943523,0.004468940861015939,0.01672759499279938
attribution,2,3,3,f64,cold,32,108855,125727,1.0889072619539755,0.8629524894642195,1.2637082992792927,0.0782325111386707,0.05721921305686129
attribution,2,3,3,f64,warm,32,15930,18034,1.1320778405524168,1.094537404778957,1.2084567901234569,0.02768361581920904,0.01053565487412665
attribution,2,3,3,f64,cold,128,135635,160522,1.1905245748444373,0.9890662439635787,1.3073411596430229,0.005912928079035647,0.07046386165136242
attribution,2,3,3,f64,warm,128,32231,34966,1.0848898541731307,1.0778191540150863,1.1103285656665942,0.0012100152027551116,0.003145913172796431
attribution,3,3,3,f64,aci,1,6236677,6273998,1.0109253693914244,1.0011381060954818,1.0198610085837014,0.002395025427803941,0.0026365963138655765
attribution,3,3,3,f64,cold,2,21530,26420,1.217835578262889,1.176781234872156,1.3165540054652667,0.023316302833255923,0.012112036336109008
attribution,3,3,3,f64,warm,2,3988,6252,1.5808016339034976,1.482570547782784,1.679957750198046,0.017803410230692075,0.009596928982725527
attribution,3,3,3,f64,cold,8,56406,71885,1.2842110904673432,1.259858869903391,1.3830609850800522,0.007623302485551183,0.009334353481254783
attribution,3,3,3,f64,warm,8,7775,10429,1.332779552715655,1.2424389063634165,1.4145383104125737,0.0180064308681672,0.015245948796624796
attribution,3,3,3,f64,cold,32,84379,106390,1.2599598090931927,1.2259313460009449,1.3248557105440928,0.028490501191054646,0.020246263746592726
attribution,3,3,3,f64,warm,32,16101,18756,1.159190031152648,1.1506748466257668,1.1745283018867925,0.012359480777591454,0.004318618042226488
attribution,3,3,3,f64,cold,128,119504,146005,1.2340758468335788,1.0285710181567456,1.3703627826172466,0.015162672379167224,0.01914318002808123
attribution,3,3,3,f64,warm,128,39174,42320,1.0770092126024329,1.0610443798204576,1.143743299126972,0.0056159697758717516,0.009688090737240076
attribution,4,3,3,f64,aci,1,9001657,9082631,1.0178469364029312,0.9993871174284108,1.0256317239960366,0.005365678785583587,0.008272272648751227
attribution,4,3,3,f64,cold,2,23374,29485,1.2646183057869071,1.204435118900683,1.3115855223752888,0.017583639941815693,0.007122265558758691
attribution,4,3,3,f64,warm,2,4980,7484,1.504125578587241,1.4757557313856766,1.5652610441767068,0.004016064257028112,0.028059861036878676
attribution,4,3,3,f64,cold,8,55725,66865,1.2035172723194258,1.0241366619640557,1.2291384674881782,0.011323463436518619,0.003006056980483063
attribution,4,3,3,f64,warm,8,8837,11732,1.3264448733961622,1.3010979261395144,1.3469503225076382,0.010184451737014825,0.014575519945448347
attribution,4,3,3,f64,cold,32,82725,100228,1.177581397645084,1.1437369543775948,1.2688508190571464,0.033303112722877004,0.004998603184738795
attribution,4,3,3,f64,warm,32,18826,22062,1.172116671126572,1.1337320204155281,1.190931174089069,0.015988526505896102,0.0049406218837820684
attribution,4,3,3,f64,cold,128,136968,152727,1.0954328964371423,0.9857344348176507,1.174814555224578,0.01580661176333158,0.02866552737891794
attribution,4,3,3,f64,warm,128,48261,57268,1.1516167564282571,1.1086203225119537,1.2702786827415908,0.011230600277656906,0.015750506391003703
attribution,2,0,2,c64,aci,1,451509,471236,1.0436912663977904,1.0396905318540142,1.0622996230270576,0.005835985550675623,0.022005958797714945
attribution,2,0,2,c64,cold,2,13746,17303,1.2587661865269897,1.2172483737847102,1.3062243756988445,0.024079732285755856,0.005779344622319829
attribution,2,0,2,c64,warm,2,2865,4658,1.6307639366827253,1.602890571231934,1.7435992578849722,0.014310645724258289,0.006440532417346501
attribution,2,0,2,c64,cold,8,21460,25508,1.1952003727865796,1.1164958061509787,1.2045319022063208,0.009319664492078284,0.013721185510428101
attribution,2,0,2,c64,warm,8,5901,7724,1.3361447900193288,1.2699769812561656,1.4071825998988365,0.005083884087442806,0.02472812014500259
attribution,2,0,2,c64,cold,32,33523,37841,1.1351012737523491,1.0674698795180724,1.1879830391242896,0.016138173791128477,0.007927908881900585
attribution,2,0,2,c64,warm,32,11863,13566,1.1367276405630953,1.130371511727444,1.170405485482096,0.004214785467419708,0.005970809376382132
attribution,2,0,2,c64,cold,128,61175,64922,1.0549800279284254,1.0439124418585266,1.0887646600202379,0.007862689006947282,0.001386278919318567
attribution,2,0,2,c64,warm,128,28844,30167,1.0462275282848614,1.0427323767935122,1.0685419138689187,0.0010400776591318818,0.0026519043988464217
attribution,3,0,2,c64,aci,1,1043012,1084830,1.0337601908497325,0.9487755815987406,1.079092090982654,0.026558658960778976,0.02234082759510707
attribution,3,0,2,c64,cold,2,17443,22823,1.293005137469655,1.2335960919285,1.3236095806994141,0.011465917560052743,0.003505235946194628
attribution,3,0,2,c64,warm,2,3567,6062,1.6823661340061677,1.6622959593256623,1.7090499013250635,0.005606952621250351,0.021610029693170572
attribution,3,0,2,c64,cold,8,23865,29224,1.2160837696335078,1.2066370746142465,1.3287567385444743,0.005070186465535303,0.021968245277853817
attribution,3,0,2,c64,warm,8,6743,9127,1.3668990063769835,1.3318254778928935,1.3926893716970052,0.01631321370309951,0.009860852415908842
attribution,3,0,2,c64,cold,32,38763,42790,1.1229622606726186,1.0995021025204448,1.1289939579430621,0.010860872481490081,0.003972890862351017
attribution,3,0,2,c64,warm,32,14097,16642,1.1925232318933106,1.1402702129164604,1.2322316466803158,0.0028374831524437824,0.012618675639947122
attribution,3,0,2,c64,cold,128,77626,83687,1.0773065725401283,1.0607175368806974,1.0825561089192162,0.010073944297013887,0.006703550133234553
attribution,3,0,2,c64,warm,128,37190,40035,1.0773326162947028,1.0702634204211492,1.0795694212385987,0.0021511158913686476,0.004271262645185463
attribution,4,0,2,c64,aci,1,1416534,1424929,0.9921350281744031,0.9803504673544661,1.0644784878721845,0.018997073137672658,0.006911221541564527
attribution,4,0,2,c64,cold,2,21120,27221,1.2875,1.2423708920187793,1.30181731229077,0.009943181818181818,0.00955144924874178
attribution,4,0,2,c64,warm,2,4979,7534,1.5103293106974842,1.4617050600511912,1.5291497975708501,0.018075918859208676,0.002787363950092912
attribution,4,0,2,c64,cold,8,27582,33713,1.2222826481038358,1.1894995023460828,1.2369420871356034,0.0051120295845116384,0.007415537033191944
attribution,4,0,2,c64,warm,8,8025,10660,1.310778816199377,1.281643227239082,1.3725239616613418,0.010093457943925233,0.0075046904315197
attribution,4,0,2,c64,cold,32,46838,52740,1.1386267560527776,1.0558488819705925,1.197012014008955,0.02160638797557539,0.019776260902540765
attribution,4,0,2,c64,warm,32,16981,19487,1.138467817164179,1.1304399034214712,1.1646545541477409,0.006536717507802839,0.014933032277928875
attribution,4,0,2,c64,cold,128,95820,108895,1.126682742713357,1.0582947029501328,1.136453767480693,0.00459194322688374,0.010955507599063318
attribution,4,0,2,c64,warm,128,45606,48671,1.0617111702584356,1.0468640196767394,1.08235611268365,0.021532254527912995,0.012163300528035175
attribution,2,1,2,c64,aci,1,462520,497565,1.0993457813836027,1.0377721544048952,1.1151301565337715,0.021445559110957364,0.00807331705405324
attribution,2,1,2,c64,cold,2,14608,18204,1.2394935344827587,1.1063975155279504,1.301752464403067,0.01642935377875137,0.021478795869039773
attribution,2,1,2,c64,warm,2,3106,4949,1.5933676754668384,1.546237244897959,1.643822075782537,0.00643915003219575,0.02020610224287735
attribution,2,1,2,c64,cold,8,23224,28053,1.207011325322037,1.1438065726168147,1.2747501494832152,0.008181191870478815,0.0071293622785441844
attribution,2,1,2,c64,warm,8,5931,7815,1.3149888907878995,1.2640833604689026,1.3350874214904092,0.013488450514247175,0.006397952655150352
attribution,2,1,2,c64,cold,32,37721,44795,1.1948542301572318,1.1212230561970746,1.2589538983590043,0.017019697250868215,0.01658667261971202
attribution,2,1,2,c64,warm,32,11943,13886,1.1621759023894256,1.1436336682589359,1.1729802212537714,0.0009210416143347567,0.005761198329252484
attribution,2,1,2,c64,cold,128,65794,68208,1.0366902757090313,0.9928757980266977,1.0951915922619047,0.019485059427911358,0.014529087497067793
attribution,2,1,2,c64,warm,128,29005,30707,1.0558768177929854,1.0509228452351767,1.0811584209619032,0.007584899155318048,0.004917445533591689
attribution,3,1,2,c64,aci,1,1617010,1701348,1.0420824724411397,0.9785859308086492,1.06789506558401,0.01263319336305898,0.009862767640717831
attribution,3,1,2,c64,cold,2,17553,22532,1.2895709644897502,1.2317209094962105,1.3071269868398565,0.017091095539224065,0.018285105627551927
attribution,3,1,2,c64,warm,2,3767,6182,1.601225427623181,1.593044863286435,1.6950918563202633,0.02681178656756039,0.012940795858945324
attribution,3,1,2,c64,cold,8,25498,30006,1.1767981802494314,1.1018241116462513,1.206367687798611,0.012157816299317593,0.01633006731986936
attribution,3,1,2,c64,warm,8,6712,9238,1.3763408820023837,1.3329856972586411,1.413539477634344,0.007449344457687724,0.019376488417406364
attribution,3,1,2,c64,cold,32,41207,46147,1.1136396544234761,1.0811165767228617,1.1567804024496937,0.005605843667338074,0.00955641753526773
attribution,3,1,2,c64,warm,32,14137,16140,1.16722076819693,1.1336658003792934,1.1840513425789319,0.0070736365565537244,0.0055762081784386614
attribution,3,1,2,c64,cold,128,80641,86783,1.0852496837091612,1.0309238739743685,1.1085237651206459,0.0005084262347937154,0.01420785176820345
attribution,3,1,2,c64,warm,128,37020,39374,1.0643802322441265,1.0388673411266918,1.0688765435349254,0.004078876283090222,0.012698735205973486
attribution,4,1,2,c64,aci,1,2247737,2323279,1.0401120534976642,0.9873378397789445,1.0749896451408683,0.013407262504465603,0.017909170616185143
attribution,4,1,2,c64,cold,2,21761,27702,1.2741512036666223,1.2313659058487874,1.2878488345363432,0.01102890492164882,0.007580680095299978
attribution,4,1,2,c64,warm,2,4969,7665,1.5195694716242663,1.4683908045977012,1.5856589936850682,0.02414972831555645,0.015525114155251141
attribution,4,1,2,c64,cold,8,29616,35567,1.2164381630423289,1.1763561992892106,1.4152539493799898,0.007090761750405186,0.021115078584080748
attribution,4,1,2,c64,warm,8,8176,10901,1.3349253000244918,1.3160469667318981,1.35969868173258,0.007338551859099804,0.008256123291441151
attribution,4,1,2,c64,cold,32,48491,55575,1.1470114752744984,1.1255280130226042,1.171022807052735,0.0008248953414035595,0.009374718848403059
attribution,4,1,2,c64,warm,32,17012,19717,1.1525393839642606,1.127998599194537,1.3334912925008886,0.00764166470726546,0.005578942029720545
attribution,4,1,2,c64,cold,128,100609,111219,1.112546014724712,1.069367871415653,1.1232891689610274,0.006371199395680307,0.0037853244499590896
attribution,4,1,2,c64,warm,128,46017,49242,1.066825619039286,1.0564805327868851,1.0830748927746618,0.006541060912271552,0.005117582551480444
attribution,2,2,2,c64,aci,1,497986,577686,1.1377974631296535,1.0794721539139989,1.1724385826107562,0.0060965569313193545,0.007474648857683932
attribution,2,2,2,c64,cold,2,17052,22543,1.3008444757213231,1.2297013041649139,1.377008124121923,0.039936664320900775,0.012021470079403806
attribution,2,2,2,c64,warm,2,3346,5080,1.5690376569037656,1.4344807636679202,1.654746423927178,0.0328750747160789,0.00984251968503937
attribution,2,2,2,c64,cold,8,33453,53371,1.652713964320796,1.474011268228016,1.7109975189071234,0.0820853137237318,0.044499822000711994
attribution,2,2,2,c64,warm,8,6522,8466,1.2565164060104264,1.2317765168048886,1.3627232142857142,0.053817847286108556,0.029648003779825183
attribution,2,2,2,c64,cold,32,63830,81984,1.2830048575229727,0.98518239939827,1.430455217311876,0.012721290929030236,0.04142271662763466
attribution,2,2,2,c64,warm,32,13405,15830,1.17745947983415,1.1383575435064002,1.1943304737038418,0.027601641178664676,0.013329121920404296
attribution,2,2,2,c64,cold,128,93656,113123,1.2129201736986008,1.0435752612256424,1.2833774664730504,0.004174852652259332,0.030020420250523767
attribution,2,2,2,c64,warm,128,30578,32511,1.0614796917852944,1.0461769899928053,1.0945459394585946,0.0019621950421871933,0.009873581249423271
attribution,3,2,2,c64,aci,1,2857793,2948865,1.0495810026039627,1.0000377454310871,1.0665767163240214,0.016876309795705986,0.011952395243593721
attribution,3,2,2,c64,cold,2,20238,24376,1.2110492845786964,1.1700940925404986,1.2235695725276405,0.018776558948512698,0.010297013455858222
attribution,3,2,2,c64,warm,2,3998,6412,1.608366935483871,1.5518774703557312,1.6496012348855158,0.01250625312656328,0.004678727386150967
attribution,3,2,2,c64,cold,8,29956,35466,1.1839364401121646,1.1699638797759884,1.212318645889307,0.007377486980905327,0.004257598827045621
attribution,3,2,2,c64,warm,8,6843,9497,1.3983751632090526,1.2841915836101883,1.4341588643914225,0.01169077889814409,0.0158997578182584
attribution,3,2,2,c64,cold,32,58811,73027,1.2335160130159273,1.1123177920277825,1.2831273061162027,0.00715852476577511,0.01372095252440878
attribution,3,2,2,c64,warm,32,14858,17473,1.1771572910977608,1.1469915197200162,1.2239802390012684,0.008143760936869027,0.014365020317060608
attribution,3,2,2,c64,cold,128,102893,108063,1.0208105044398261,0.9226304653862303,1.1422862616254519,0.03913774503610547,0.026327235038819948
attribution,3,2,2,c64,warm,128,37711,40446,1.0670632918116385,1.0542123814724718,1.077669126855133,0.004773143114741057,0.011892399742867033
attribution,4,2,2,c64,aci,1,4100492,4192313,1.0315819688859298,0.9880168015973791,1.0565205080986946,0.01722842039443072,0.009255749749601234
attribution,4,2,2,c64,cold,2,22923,29135,1.2649587570374896,1.2484684309231089,1.3454688662320045,0.0030537015224883306,0.005182769864424232
attribution,4,2,2,c64,warm,2,5089,7654,1.5120302246967587,1.494921875,1.5224609375,0.00609157005305561,0.006532532009406846
attribution,4,2,2,c64,cold,8,35316,41018,1.162293959961216,1.094075911552106,1.1982298358315489,0.008239891267414203,0.023160563654980742
attribution,4,2,2,c64,warm,8,8045,10971,1.3637041640770664,1.2847682119205297,1.3957081545064378,0.013673088875077687,0.027435967550815787
attribution,4,2,2,c64,cold,32,67797,77416,1.1361011488663304,1.1103399600047053,1.1590089078523842,0.014779415018363645,0.00944249250800868
attribution,4,2,2,c64,warm,32,17684,20509,1.1641698928351008,1.1508904541029605,1.19743618450515,0.010178692603483374,0.011702179530937638
attribution,4,2,2,c64,cold,128,119735,140323,1.1719463815926838,1.109915732635196,1.2165520022176861,0.005779429573641792,0.032061743263755764
attribution,4,2,2,c64,warm,128,47189,49934,1.0464175695215743,0.996830459091267,1.0848174962940684,0.013604865540698044,0.01123482997556775
attribution,2,3,2,c64,aci,1,566555,654301,1.1400064330958037,1.094147604601754,1.4619445300353107,0.0032706445093591973,0.028726839787804083
attribution,2,3,2,c64,cold,2,26289,33002,1.4106950592176097,1.1524592034691317,1.469236933487668,0.028186694054547528,0.07193503424034907
attribution,2,3,2,c64,warm,2,3477,5470,1.5731952832901928,1.4612627515853323,1.623508874018039,0.011504170261719874,0.02010968921389397
attribution,2,3,2,c64,cold,8,84399,104136,1.1930558080349027,1.0058057559923697,1.2868181334845639,0.02232253936658017,0.045891910578474304
attribution,2,3,2,c64,warm,8,8305,10590,1.230751418316545,1.219619641130332,1.2825188426938974,0.021673690547862733,0.003777148253068933
attribution,2,3,2,c64,cold,32,112822,152627,1.34585521609408,1.132201440983652,1.483237574608133,0.015989789225505664,0.030590917727531825
attribution,2,3,2,c64,warm,32,15169,17613,1.1378642031138964,1.1140809217577707,1.1802360076471752,0.015887665633858527,0.01646511099755862
attribution,2,3,2,c64,cold,128,143760,171843,1.1743926191696565,1.025103800702651,1.339800221038034,0.01184613244296049,0.10756911832312052
attribution,2,3,2,c64,warm,128,32541,34695,1.0661934175348022,1.0329871158356432,1.0763886754172942,0.008911834301342922,0.00636979391843205
attribution,3,3,2,c64,aci,1,4773366,4898942,1.0234972553958779,1.003491628242746,1.0469639076344213,0.009163973598504703,0.002738346361316382
attribution,3,3,2,c64,cold,2,23804,28594,1.2007222642143278,1.1645709604751178,1.2426935566569817,0.00042009746261132585,0.006679723018815136
attribution,3,3,2,c64,warm,2,4228,6442,1.5350410826486225,1.47289972899729,1.5780510879848628,0.02128666035950804,0.013970816516609749
attribution,3,3,2,c64,cold,8,52379,76023,1.4497692513063045,1.3471276309207743,1.5196485998901874,0.004581988965043243,0.019375715244070873
attribution,3,3,2,c64,warm,8,7624,10299,1.3444515715202052,1.304554201411161,1.408698001080497,0.022429171038824764,0.01271968152247791
attribution,3,3,2,c64,cold,32,70462,101952,1.4485521866386293,1.2534813940963763,1.4882773693622093,0.010076353211660186,0.028591886377903327
attribution,3,3,2,c64,warm,32,15359,18084,1.1834460803820135,1.1751250893495353,1.1880583585063307,0.013021681099029885,0.013271400132714002
attribution,3,3,2,c64,cold,128,111109,132058,1.184224500265505,1.1136838622034901,1.2516358180897982,0.008118154244930653,0.031554317042511625
attribution,3,3,2,c64,warm,128,38563,41288,1.0610429686487046,1.0544521765632142,1.0831598667776852,0.010657884500687187,0.008234838209649292
attribution,4,3,2,c64,aci,1,6403661,6556218,1.0280720683805948,1.0185609729506806,1.0367097427192677,0.004544900175071728,0.00712255144658094
attribution,4,3,2,c64,cold,2,25879,32491,1.2554967348042814,1.1659615660404417,1.2936026149894932,0.015108775455002126,0.007078883383090702
attribution,4,3,2,c64,warm,2,5250,7885,1.4712380952380952,1.4276706899657718,1.5861003861003862,0.013333333333333334,0.02041851616994293
attribution,4,3,2,c64,cold,8,54211,72386,1.3764475460647665,1.2751096393090486,1.43650548696845,0.029920126911512423,0.015914679634183405
attribution,4,3,2,c64,warm,8,9007,11863,1.3124380301861849,1.2996592283170276,1.3567191421400866,0.009992228266903519,0.003371828373935767
attribution,4,3,2,c64,cold,32,77045,100108,1.3119798697298926,1.138551948422434,1.401817119865014,0.00963073528457395,0.028828864825987933
attribution,4,3,2,c64,warm,32,17803,21120,1.1680784663397237,1.1589113257243195,1.2259851150983674,0.00792001348087401,0.007575757575757576
attribution,4,3,2,c64,cold,128,138300,151535,1.0951967379624041,1.036023409404783,1.2018703067427434,0.01759942154736081,0.018048635628732636
attribution,4,3,2,c64,warm,128,47639,50264,1.0551019122987468,1.0398583000145014,1.0762726125368112,0.005058880329142089,0.0015915963711602738
attribution,2,0,3,c64,aci,1,488609,526691,1.0713066505354396,1.0224134253004338,1.1029993214773366,0.022719597878876566,0.02432925567363027
attribution,2,0,3,c64,cold,2,13335,17412,1.2899887514060742,1.155407589372293,1.3381692028699834,0.03082114735658043,0.012060647829083391
attribution,2,0,3,c64,warm,2,2806,4638,1.6528866714183892,1.5876500857632934,1.7264116575591986,0.007127583749109052,0.004312203536006899
attribution,2,0,3,c64,cold,8,21590,25418,1.1699361632729137,1.143255219039788,1.203399433427762,0.011625752663270032,0.012196081517035173
attribution,2,0,3,c64,warm,8,5941,7584,1.2801220132180986,1.2765527688941256,1.3039131184278572,0.006901195085002525,0.003955696202531646
attribution,2,0,3,c64,cold,32,36899,40556,1.1124420716008563,1.013267911680769,1.1191566863513438,0.017913764600666685,0.00495611007002663
attribution,2,0,3,c64,warm,32,12784,14768,1.1551939924906132,1.1223203995389934,1.1764519200253887,0.014080100125156446,0.006839111592632719
attribution,2,0,3,c64,cold,128,64001,67858,1.0589038333255767,0.9758735192054565,1.0868505088958456,0.007187387697067234,0.005894662383212001
attribution,2,0,3,c64,warm,128,29756,32301,1.0784616902983848,1.057126467809421,1.1578472036392828,0.0040328001075413365,0.025448128540912045
attribution,3,0,3,c64,aci,1,1167476,1211278,1.0375185442784263,0.9711979132512915,1.0928817616515032,0.018467189047141012,0.009603080382868343
attribution,3,0,3,c64,cold,2,17232,22022,1.2856361315421554,1.2125480153649169,1.3554280983916744,0.02907381615598886,0.03955135773317592
attribution,3,0,3,c64,warm,2,3586,6031,1.6567205800334635,1.6269220393849475,1.711210511601901,0.005298382598996096,0.00497429945282706
attribution,3,0,3,c64,cold,8,23915,29415,1.2287234042553192,1.1430659670164918,1.3496846232526423,0.018858457035333474,0.03406425293217746
attribution,3,0,3,c64,warm,8,6682,9217,1.4024839006439742,1.3387457172650081,1.4215266499335597,0.0046393295420532775,0.02495388955191494
attribution,3,0,3,c64,cold,32,41508,46648,1.117945481467097,1.093917119905332,1.1500478797849092,0.00749253156018117,0.00407305779454639
attribution,3,0,3,c64,warm,32,15169,17623,1.1478606709859516,1.1222163308589608,1.1703474190783836,0.005339837827147472,0.008000907904443057
attribution,3,0,3,c64,cold,128,80010,87274,1.0907886514185727,1.0676627319568148,1.1109215232750667,0.007886514185726784,0.008032174530788092
attribution,3,0,3,c64,warm,128,38322,41548,1.0729540583115977,1.069281352747769,1.1428871611683127,0.0036532540055320703,0.01374314046404159
attribution,4,0,3,c64,aci,1,1652217,1749018,1.0624517789273022,0.99370376683143,1.1090690451432597,0.019810351787931006,0.007910724760980162
attribution,4,0,3,c64,cold,2,20869,26780,1.2832430878336287,1.2748924100156493,1.310203476886606,0.010062772533422781,0.009372666168782674
attribution,4,0,3,c64,warm,2,4739,7424,1.5562619198982834,1.4471734892787524,1.601762656282025,0.00844059928254906,0.010775862068965518
attribution,4,0,3,c64,cold,8,28063,33944,1.2015180265654648,1.1296413047084979,1.228025804559783,0.027830239104871184,0.007689135045958049
attribution,4,0,3,c64,warm,8,8195,10850,1.3239780353874313,1.2758537758537758,1.3760200878844946,0.018303843807199512,0.010138248847926268
attribution,4,0,3,c64,cold,32,48572,55244,1.1468952254916152,1.0781683807140343,1.1626893671958525,0.02060858107551676,0.004000434436318877
attribution,4,0,3,c64,warm,32,18054,20910,1.1556317011163921,1.1526531516561427,1.1854834200078286,0.0027694693696687714,0.0062649450023912
attribution,4,0,3,c64,cold,128,101291,112602,1.1126070869361417,1.1041454818295802,1.1344489557411568,0.010089741438034969,0.009253832081135326
attribution,4,0,3,c64,warm,128,47440,50545,1.0724819113496997,1.055464652821481,1.1048008385744235,0.0054806070826306915,0.010703333663072509
attribution,2,1,3,c64,aci,1,482778,542671,1.1231663414654354,1.0947932020235915,1.1595264424371192,0.016666045263040156,0.014251728948110364
attribution,2,1,3,c64,cold,2,14196,18314,1.3149996409851368,1.1948618191574993,1.4211007239755395,0.0035221189067342912,0.01643551381456809
attribution,2,1,3,c64,warm,2,3046,4900,1.6131071190951431,1.4732411304870716,1.6610284167794316,0.013131976362442548,0.010408163265306122
attribution,2,1,3,c64,cold,8,23605,29565,1.2513833992094863,0.9731976191314761,1.2747380675203726,0.01821647955941538,0.017317774395399967
attribution,2,1,3,c64,warm,8,5951,7855,1.302478502781993,1.2558062922088618,1.361924328026023,0.018484288354898338,0.012730744748567792
attribution,2,1,3,c64,cold,32,41197,51307,1.2394397237799055,1.141745142954102,1.25681481661286,0.008738500376240988,0.013487438361237258
attribution,2,1,3,c64,warm,32,13194,14868,1.1338844252163165,1.093527360921631,1.1691100251739968,0.015916325602546612,0.012846381490449288
attribution,2,1,3,c64,cold,128,67607,71926,1.0518892358695813,1.038861559121367,1.1082145972666473,0.006670906858757229,0.020896476934627255
attribution,2,1,3,c64,warm,128,29906,31990,1.0590514047025534,1.0495887112953923,1.1007560926213462,0.0073563833344479366,0.017224132541419194
attribution,3,1,3,c64,aci,1,2154492,2245893,1.0558213723623822,1.02664560251563,1.0779515542410925,0.014997502891632923,0.01179486288972805
attribution,3,1,3,c64,cold,2,17844,22161,1.2625478216182264,1.2168615719336415,1.2793557325943887,0.018549652544272585,0.009521230991381255
attribution,3,1,3,c64,warm,2,3497,6222,1.7848537005163512,1.661710037174721,1.797525309336333,0.006005147269087789,0.0001607200257152041
attribution,3,1,3,c64,cold,8,25588,30998,1.1883695482257308,1.0948790336990315,1.3753923414940363,0.019931217758324214,0.011613652493709272
attribution,3,1,3,c64,warm,8,6833,9317,1.3728544641569307,1.3415776379335578,1.417469968856592,0.013171374213376262,0.01609960287646238
attribution,3,1,3,c64,cold,32,45005,50125,1.1149374081168977,1.1100653305281807,1.1229256299938537,0.0033329630041106545,0.0014164588528678304
attribution,3,1,3,c64,warm,32,15189,17633,1.1641977747053789,1.120343293070566,1.176889123130641,0.00862466258476529,0.0028355923552430104
attribution,3,1,3,c64,cold,128,83738,90911,1.085660034870668,1.0530829413943672,1.1373536749184419,0.005612744512646588,0.016092662054096863
attribution,3,1,3,c64,warm,128,38191,40827,1.0669865240417387,0.993587530212598,1.1185881490403498,0.0031159173627294387,0.003184167340240527
attribution,4,1,3,c64,aci,1,3043644,3082286,1.0282732217394552,0.9837601785530442,1.0396298683294247,0.015148946460229908,0.0048561359977627
attribution,4,1,3,c64,cold,2,21170,27251,1.2825410503135621,1.2802358490566037,1.9100614076523381,0.004723665564478035,0.007008917103959488
attribution,4,1,3,c64,warm,2,4879,7464,1.5372241699319447,1.5031768805083008,1.576162906767818,0.00819840131174421,0.013531618435155412
attribution,4,1,3,c64,cold,8,29776,35727,1.2095873994179078,1.1181903276131044,1.3292638664334973,0.019176518001074692,0.011224004254485402
attribution,4,1,3,c64,warm,8,7975,10740,1.3366771159874609,1.2983563601715102,1.3999244712990937,0.006269592476489028,0.0074487895716946
attribution,4,1,3,c64,cold,32,53390,60543,1.1194572190995287,1.0653914512467666,1.1643671040528618,0.0022476119123431356,0.02299192309598137
attribution,4,1,3,c64,warm,32,18074,20980,1.1542927319414982,1.1319125977879687,1.169353020739405,0.018258271550293238,0.011010486177311726
attribution,4,1,3,c64,cold,128,106951,116268,1.1063281517940733,1.0687370901844455,1.1091417287530885,0.018270048900898544,0.002236212887466887
attribution,4,1,3,c64,warm,128,47609,50535,1.0550787888961162,0.9640622036791201,1.1028645833333333,0.0033607091096221303,0.005936479667557139
attribution,2,2,3,c64,aci,1,538974,590410,1.0659716424168884,1.0493808668744835,1.155231397065208,0.004460326472148935,0.014068189901932555
attribution,2,2,3,c64,cold,2,16250,22632,1.3921334172435493,1.3408800438196093,1.522276923076923,0.01796923076923077,0.022578649699540473
attribution,2,2,3,c64,warm,2,3206,5069,1.6112138016019717,1.5062383031815347,1.6592471358428804,0.012476606363069246,0.02367330834484119
attribution,2,2,3,c64,cold,8,31729,49603,1.5030413817012827,1.2365200049856662,1.6979042852674382,0.0075955750260014495,0.038566215753079454
attribution,2,2,3,c64,warm,8,6552,8647,1.3095562623050128,1.296209571198595,1.3487484737484738,0.016788766788766788,0.021972938591418988
attribution,2,2,3,c64,cold,32,71594,104126,1.4480971764553854,1.1458288776073033,1.567574616053318,0.03595273346928513,0.03906805216756622
attribution,2,2,3,c64,warm,32,14878,16621,1.126480678361059,1.0944285809150673,1.1380561903481652,0.012165613657749697,0.010829673304855304
attribution,2,2,3,c64,cold,128,102112,126388,1.196333437793795,0.9150208903132708,1.3444980385877832,0.035226026324036354,0.04193436085704339
attribution,2,2,3,c64,warm,128,31519,33573,1.0589510857780118,1.0449112978524744,1.0686756337299534,0.01938513277705511,0.015518422541923569
attribution,3,2,3,c64,aci,1,3586935,3681002,1.0262248967433198,0.9952986998085056,1.0805554502380397,0.015094223898676725,0.006619393306496438
attribution,3,2,3,c64,cold,2,18525,23745,1.256016926738958,1.2291780671992996,1.2855600539811065,0.013549257759784076,0.024468309117708992
attribution,3,2,3,c64,warm,2,3596,6121,1.735817575083426,1.6538567873928671,1.770002867794666,0.011401557285873193,0.008331971900016338
attribution,3,2,3,c64,cold,8,30377,35267,1.1709997675731314,1.0492004542524784,1.3355069139524216,0.008559107219277743,0.03070859443672555
attribution,3,2,3,c64,warm,8,6903,9378,1.3472719461549478,1.2824679994247088,1.3761094136476066,0.007243227582210633,0.008530603540200469
attribution,3,2,3,c64,cold,32,70583,88336,1.2061498129386383,1.1842369975773204,1.3398976652190737,0.011504186560503237,0.053760641188190544
attribution,3,2,3,c64,warm,32,16150,18675,1.1526315789473685,1.1351893501914778,1.1994310998735778,0.008730650154798762,0.01285140562248996
attribution,3,2,3,c64,cold,128,110658,121238,1.1047354454951825,0.9975091523140064,1.1493617142802746,0.01485658515425907,0.023309523416750525
attribution,3,2,3,c64,warm,128,39675,44042,1.1122777861711235,1.003757292882147,1.1225467706581027,0.01111531190926276,0.005267699014576995
attribution,4,2,3,c64,aci,1,5635848,5839511,1.0413233954909487,1.0093078420280213,1.0452639353041335,0.0018827690171913792,0.0057201707471738646
attribution,4,2,3,c64,cold,2,22833,29385,1.290357047457929,1.259089947089947,1.330721854904447,0.01624841238558227,0.012285179513357156
attribution,4,2,3,c64,warm,2,4879,7494,1.5159045725646123,1.4970158468820745,1.5813462755855665,0.004099200655872105,0.01748065118761676
attribution,4,2,3,c64,cold,8,35226,41127,1.1704247060166686,0.7898709380041484,1.3105766230819411,0.005393743257820928,0.0029177912320373475
attribution,4,2,3,c64,warm,8,8105,10900,1.3416614615865083,1.315157338457843,1.3610938471100062,0.007402837754472548,0.0045871559633027525
attribution,4,2,3,c64,cold,32,78758,89368,1.118469235133323,1.0866864535196803,1.182877202106221,0.015261941644023464,0.029037239280279296
attribution,4,2,3,c64,warm,32,18825,21741,1.1544161073825503,1.1128115882684138,1.1748794296498217,0.010624169986719787,0.011039050641644819
attribution,4,2,3,c64,cold,128,132920,142077,1.061051760457418,1.0120561250495554,1.1046088538508188,0.03233523924164911,0.006207901349268355
attribution,4,2,3,c64,warm,128,47830,53661,1.0676562826677818,0.9924836664289707,1.1527386076888824,0.014028852184821241,0.016436518141667134
attribution,2,3,3,c64,aci,1,638842,695478,1.0822235846619714,1.0527975187779297,1.1532507255315085,0.006366206354622895,0.026780142578198017
attribution,2,3,3,c64,cold,2,21891,30337,1.414972014925373,1.2938446189216155,1.562011785665342,0.020602073911653192,0.06371757260111414
attribution,2,3,3,c64,warm,2,3737,5540,1.4985203120796342,1.2870789341377578,1.6352689322986353,0.021675140487021675,0.032490974729241874
attribution,2,3,3,c64,cold,8,53731,81914,1.562111445898013,0.706947628999858,1.9655447651988824,0.020695687778005248,0.11166589349805894
attribution,2,3,3,c64,warm,8,7564,9598,1.2944949225013362,1.1598791540785498,1.3438626857060436,0.07694341618191433,0.00937695353198583
attribution,2,3,3,c64,cold,32,143570,169469,1.1803928397297485,0.8818520207429716,1.4050389761229367,0.06594692484502333,0.018628775764299076
attribution,2,3,3,c64,warm,32,16411,18615,1.1412543682177672,1.0928134828793543,1.1939843898724538,0.01096825300103589,0.010744023636852002
attribution,2,3,3,c64,cold,128,208742,201559,0.9950560979582451,0.8059202577527185,1.2587839272554677,0.09882534420480785,0.028929494589673494
attribution,2,3,3,c64,warm,128,33493,35507,1.0575743134568416,1.03708237542173,1.0726322783280986,0.005971397008330099,0.0005632692145210804
attribution,3,3,3,c64,aci,1,5778265,5863726,1.0210657137029129,1.014790079721162,1.0292383227115527,0.0062331859130725226,0.00810406216115828
attribution,3,3,3,c64,cold,2,23364,27552,1.1913775423004616,1.1711681008775667,1.2526237860906675,0.004708097928436911,0.005117595818815331
attribution,3,3,3,c64,warm,2,4017,6362,1.560078469838156,1.5262633806323127,1.6687195278419298,0.015185461787403536,0.03159383841559258
attribution,3,3,3,c64,cold,8,57769,71885,1.2562740363116,1.2199103325312883,1.3248220313492196,0.008672471394692655,0.022995061556652988
attribution,3,3,3,c64,warm,8,7685,10159,1.3482415394824154,1.3023763648041105,1.3791753653444676,0.013012361743656473,0.010827837385569446
attribution,3,3,3,c64,cold,32,86182,114345,1.3452034112221187,1.2088149545532498,1.3741036411315588,0.016279501520038986,0.0345183436092527
attribution,3,3,3,c64,warm,32,16711,19056,1.148192339816251,1.1151337442403209,1.174845869297164,0.00472742504936868,0.01364399664147775
attribution,3,3,3,c64,cold,128,128131,151034,1.1669735122936216,1.1145288445775772,1.2180207814733326,0.02807283171129547,0.009679939616245348
attribution,3,3,3,c64,warm,128,39554,42540,1.077421452871723,1.059033220407544,1.0951780243544524,0.010668958891641806,0.012482369534555712
attribution,4,3,3,c64,aci,1,9128674,9341117,1.0284876018552793,1.0089011343908012,1.0338715129930152,0.002319175818963411,0.010358397180979534
attribution,4,3,3,c64,cold,2,25779,32160,1.2290780956758205,1.1936858204063798,1.2891896120150188,0.00818495674774041,0.018687810945273633
attribution,4,3,3,c64,warm,2,5030,7674,1.5079522862823063,1.446629213483146,1.5597560975609757,0.02186878727634195,0.007688298149596038
attribution,4,3,3,c64,cold,8,61145,75993,1.215364558491526,1.1451355125250249,1.2484229935625788,0.027868182189876523,0.015685655257721105
attribution,4,3,3,c64,warm,8,8896,11983,1.347009892086331,1.2722798758960094,1.3713466416675857,0.01337679856115108,0.007594091629808896
attribution,4,3,3,c64,cold,32,96090,112582,1.2167085358824616,1.044340550268084,1.351324706053279,0.04305338744926631,0.024648700502744664
attribution,4,3,3,c64,warm,32,19247,22162,1.1545068819207285,1.1258726793194394,1.1717653361907314,0.004104535771808594,0.006768342207382005
attribution,4,3,3,c64,cold,128,143801,164128,1.1420504725280074,1.0884993646057792,1.1592106564208327,0.015403230853749278,0.010625852992786119
attribution,4,3,3,c64,warm,128,48712,51837,1.0533192449149615,1.0405033667268846,1.0803231151615575,0.008868451305633109,0.006192487991203195
